geographical_level,variable,label,unit,estimate_1990,estimate_2018,absolute_change,relative_change_percent
Global,diet_mphdi_score,mPHDI score,score,69.5738762128315,72.6889177640048,3.11504155117326,4.47731493591664
Global,diet_med_score,Mediterranean diet score,score,4.2758449472963,4.95632974258831,0.680484795292003,15.9146274871891
Global,diet_dash_score,DASH score,score,24.72108469167,26.054450718171,1.33336602650099,5.39363884364784
Global,diet_ahei_score,AHEI score,score,50.8641895544215,55.631050540427,4.7668609860055,9.37174272855612
Global,dementia_daly_asr60plus,Dementia DALY rate,"per 100,000",2990.79058526102,3071.2478599281,80.4572746670742,2.69016744480799
Global,dementia_prevalence_asr60plus,Dementia prevalence rate,"per 100,000",4397.90855079668,4506.18184920237,108.273298405691,2.46192700814748
Global,env_ghg_kg_co2e_person_day,GHG emissions,kg CO2-eq/person/day,5.23222789970084,5.68628354531673,0.454055645615886,8.6780555877898
Global,env_land_m2_person_day,Land use,m2/person/day,13.4436895590876,14.1364820706501,0.692792511562541,5.15329150169367
Global,env_water_scarcity_l_equivalent_person_day,Scarcity-weighted water use,L-eq/person/day,24864.213589781,28107.984825701,3243.77123592002,13.0459434166588
Global,env_eutrophication_g_po4e_person_day,Eutrophication,g PO4-eq/person/day,26.5617294032027,30.3475408320431,3.78581142884038,14.2528800417036
Global,sdi,Socio-demographic Index,index,0.556314391974262,0.696233044026253,0.139918652051991,25.1510034740328
Global,env_coverage_proportion,Environmental intake coverage,proportion,0.939453307393041,0.943012996047852,0.00355968865481071,0.378910652269537
Global,population_60plus_from_gbd,60+ population,population,35337064.2185025,93839483.3756869,58502419.1571845,165.555403231694
High-income countries,diet_mphdi_score,mPHDI score,score,69.2585154685661,73.6524331363393,4.39391766777315,6.34422733153642
High-income countries,diet_med_score,Mediterranean diet score,score,3.79102985885307,4.36964241804856,0.578612559195492,15.2626748070654
High-income countries,diet_dash_score,DASH score,score,26.351451145798,27.6320587640152,1.28060761821715,4.85972332655143
High-income countries,diet_ahei_score,AHEI score,score,51.3217161824633,55.1613107820493,3.839594599586,7.481422846296
High-income countries,dementia_daly_asr60plus,Dementia DALY rate,"per 100,000",3443.28684811145,3335.59750062579,-107.689347485655,-3.12751601118331
High-income countries,dementia_prevalence_asr60plus,Dementia prevalence rate,"per 100,000",5089.41285286353,4943.02679549622,-146.386057367314,-2.87628576418103
High-income countries,env_ghg_kg_co2e_person_day,GHG emissions,kg CO2-eq/person/day,5.94030504323857,5.88344133688704,-0.05686370635153,-0.957252294917985
High-income countries,env_land_m2_person_day,Land use,m2/person/day,16.6526999355816,16.3404749279943,-0.312225007587308,-1.87492123676703
High-income countries,env_water_scarcity_l_equivalent_person_day,Scarcity-weighted water use,L-eq/person/day,23214.2056973593,25048.6430117518,1834.43731439251,7.9022187461757
High-income countries,env_eutrophication_g_po4e_person_day,Eutrophication,g PO4-eq/person/day,27.1275242559753,27.5687091914536,0.441184935478258,1.62633689427475
High-income countries,sdi,Socio-demographic Index,index,0.759749142522405,0.854693477116824,0.0949443345944191,12.496800493805
High-income countries,env_coverage_proportion,Environmental intake coverage,proportion,0.895759851546448,0.893104899677739,-0.00265495186870934,-0.296391032052375
High-income countries,population_60plus_from_gbd,60+ population,population,20310620.0381437,34585273.3477671,14274653.3096234,70.2817210051455
Central/Eastern Europe and Central Asia,diet_mphdi_score,mPHDI score,score,64.5230340230427,68.3251284374208,3.80209441437812,5.89261567120402
Central/Eastern Europe and Central Asia,diet_med_score,Mediterranean diet score,score,3.87133250828174,4.04484670673677,0.17351419845502,4.48202777942298
Central/Eastern Europe and Central Asia,diet_dash_score,DASH score,score,25.7431578494738,27.230601342931,1.48744349345713,5.77801488906122
Central/Eastern Europe and Central Asia,diet_ahei_score,AHEI score,score,49.6050278398213,55.139138272921,5.53411043309973,11.1563498179455
Central/Eastern Europe and Central Asia,dementia_daly_asr60plus,Dementia DALY rate,"per 100,000",2673.72902550202,2724.33516313028,50.6061376282596,1.89271751720456
Central/Eastern Europe and Central Asia,dementia_prevalence_asr60plus,Dementia prevalence rate,"per 100,000",4001.98726848694,3935.95044557888,-66.0368229080546,-1.65010077438406
Central/Eastern Europe and Central Asia,env_ghg_kg_co2e_person_day,GHG emissions,kg CO2-eq/person/day,9.85054589215769,9.59539521840652,-0.255150673751171,-2.5902186187905
Central/Eastern Europe and Central Asia,env_land_m2_person_day,Land use,m2/person/day,29.0623009969822,28.1736853362109,-0.888615660771364,-3.05762321043897
Central/Eastern Europe and Central Asia,env_water_scarcity_l_equivalent_person_day,Scarcity-weighted water use,L-eq/person/day,31102.9411836376,33324.7462164902,2221.80503285253,7.14339206615404
Central/Eastern Europe and Central Asia,env_eutrophication_g_po4e_person_day,Eutrophication,g PO4-eq/person/day,41.5181459091619,41.9778417502222,0.459695841060302,1.10721669042273
Central/Eastern Europe and Central Asia,sdi,Socio-demographic Index,index,0.648501113287114,0.776579346979714,0.1280782336926,19.7498864795157
Central/Eastern Europe and Central Asia,env_coverage_proportion,Environmental intake coverage,proportion,0.955885292554166,0.953973867523178,-0.00191142503098718,-0.199963849833882
Central/Eastern Europe and Central Asia,population_60plus_from_gbd,60+ population,population,11703744.6690774,15275863.1690885,3572118.5000111,30.5211588343091
East and Southeast Asia,diet_mphdi_score,mPHDI score,score,71.2418903211706,75.55570597979,4.31381565861943,6.05516731683006
East and Southeast Asia,diet_med_score,Mediterranean diet score,score,3.75759711045888,5.10006404425719,1.34246693379831,35.726739571459
East and Southeast Asia,diet_dash_score,DASH score,score,21.5465434523557,24.1974808425158,2.65093739016009,12.3033070061651
East and Southeast Asia,diet_ahei_score,AHEI score,score,48.5989755499208,55.8109661176813,7.21199056776043,14.8397995763353
East and Southeast Asia,dementia_daly_asr60plus,Dementia DALY rate,"per 100,000",3315.7836875427,3479.96692829293,164.183240750232,4.95156669498871
East and Southeast Asia,dementia_prevalence_asr60plus,Dementia prevalence rate,"per 100,000",4597.32384973938,5201.05409844431,603.730248704931,13.1322105737484
East and Southeast Asia,env_ghg_kg_co2e_person_day,GHG emissions,kg CO2-eq/person/day,3.01834188933398,4.78630146906892,1.76795957973494,58.5738675258242
East and Southeast Asia,env_land_m2_person_day,Land use,m2/person/day,4.64829955186144,8.9690340618238,4.32073450996235,92.9530135000032
East and Southeast Asia,env_water_scarcity_l_equivalent_person_day,Scarcity-weighted water use,L-eq/person/day,23306.8371309806,29635.8064501359,6328.96931915536,27.1549901155082
East and Southeast Asia,env_eutrophication_g_po4e_person_day,Eutrophication,g PO4-eq/person/day,21.5724254850491,32.1469518935999,10.5745264085508,49.018717973459
East and Southeast Asia,sdi,Socio-demographic Index,index,0.516465282675509,0.704966306046103,0.188501023370595,36.4982951795093
East and Southeast Asia,env_coverage_proportion,Environmental intake coverage,proportion,0.984783634548624,0.985404245631656,0.000620611083032352,0.0630200443284996
East and Southeast Asia,population_60plus_from_gbd,60+ population,population,69614531.0014467,175536009.502446,105921478.500999,152.154265750635
Latin America and the Caribbean,diet_mphdi_score,mPHDI score,score,64.5406134086283,66.2212944044069,1.68068099577859,2.60406727952465
Latin America and the Caribbean,diet_med_score,Mediterranean diet score,score,4.62502996883183,3.70315094401182,-0.921879024820018,-19.9323902987133
Latin America and the Caribbean,diet_dash_score,DASH score,score,22.8633053560729,24.7954682635317,1.93216290745876,8.45093426942113
Latin America and the Caribbean,diet_ahei_score,AHEI score,score,41.7909475843445,44.8626481305463,3.07170054620184,7.3501576866674
Latin America and the Caribbean,dementia_daly_asr60plus,Dementia DALY rate,"per 100,000",2886.49077765209,2859.42513997009,-27.0656376819961,-0.937665829094098
Latin America and the Caribbean,dementia_prevalence_asr60plus,Dementia prevalence rate,"per 100,000",4754.55368246999,4659.19129496252,-95.3623875074773,-2.00570640014178
Latin America and the Caribbean,env_ghg_kg_co2e_person_day,GHG emissions,kg CO2-eq/person/day,6.93800362087802,9.29598418683877,2.35798056596075,33.9864418471195
Latin America and the Caribbean,env_land_m2_person_day,Land use,m2/person/day,20.1944875311989,27.2320571813339,7.03756965013498,34.8489638039217
Latin America and the Caribbean,env_water_scarcity_l_equivalent_person_day,Scarcity-weighted water use,L-eq/person/day,18649.9978054857,24061.5123117683,5411.51450628253,29.0161669868442
Latin America and the Caribbean,env_eutrophication_g_po4e_person_day,Eutrophication,g PO4-eq/person/day,29.3261288311638,37.8739717491408,8.54784291797705,29.1475324519941
Latin America and the Caribbean,sdi,Socio-demographic Index,index,0.52417557502845,0.666062400867603,0.141886825839153,27.0685687389101
Latin America and the Caribbean,env_coverage_proportion,Environmental intake coverage,proportion,0.800379084563265,0.840491217429585,0.04011213286632,5.01164181322999
Latin America and the Caribbean,population_60plus_from_gbd,60+ population,population,5270288.86558166,14460147.3087414,9189858.44315976,174.371057783481
Middle East and North Africa,diet_mphdi_score,mPHDI score,score,74.8598476729928,77.1113554004353,2.2515077274425,3.00763065572571
Middle East and North Africa,diet_med_score,Mediterranean diet score,score,4.90649149299773,5.44227440224416,0.535782909246435,10.9198784918118
Middle East and North Africa,diet_dash_score,DASH score,score,26.5634648000786,27.2744078061809,0.710943006102305,2.67639410541128
Middle East and North Africa,diet_ahei_score,AHEI score,score,50.1902504176534,53.8517862890395,3.66153587138605,7.2953130158087
Middle East and North Africa,dementia_daly_asr60plus,Dementia DALY rate,"per 100,000",3258.31327209138,3430.48127869889,172.168006607512,5.28396112437048
Middle East and North Africa,dementia_prevalence_asr60plus,Dementia prevalence rate,"per 100,000",4892.42038634024,4708.70334071529,-183.717045624944,-3.75513613134895
Middle East and North Africa,env_ghg_kg_co2e_person_day,GHG emissions,kg CO2-eq/person/day,5.88860832666413,6.06288727326771,0.174278946603575,2.95959481316536
Middle East and North Africa,env_land_m2_person_day,Land use,m2/person/day,20.4776905089108,20.1167618343285,-0.360928674582254,-1.76254580283454
Middle East and North Africa,env_water_scarcity_l_equivalent_person_day,Scarcity-weighted water use,L-eq/person/day,24150.6275756655,28229.338564106,4078.71098844049,16.888633538245
Middle East and North Africa,env_eutrophication_g_po4e_person_day,Eutrophication,g PO4-eq/person/day,23.8683202884542,26.1706170382492,2.30229674979491,9.64582644262819
Middle East and North Africa,sdi,Socio-demographic Index,index,0.452997891424241,0.658893015758171,0.20589512433393,45.4516738889422
Middle East and North Africa,env_coverage_proportion,Environmental intake coverage,proportion,0.883949632162955,0.89655751731623,0.0126078851532746,1.42631261946725
Middle East and North Africa,population_60plus_from_gbd,60+ population,population,2372809.74694781,5959776.79472455,3586967.04777674,151.16960187772
South Asia,diet_mphdi_score,mPHDI score,score,69.7898793988892,68.3138441630061,-1.47603523588309,-2.11497032033356
South Asia,diet_med_score,Mediterranean diet score,score,5.78799944984053,5.91650725349908,0.128507803658549,2.22024560942363
South Asia,diet_dash_score,DASH score,score,27.2845413266824,27.4671250976619,0.182583770979534,0.669183948498264
South Asia,diet_ahei_score,AHEI score,score,59.6225534100544,62.392249347087,2.76969593703265,4.64538296101486
South Asia,dementia_daly_asr60plus,Dementia DALY rate,"per 100,000",1815.99673468598,2079.09886096282,263.102126276842,14.4880285989246
South Asia,dementia_prevalence_asr60plus,Dementia prevalence rate,"per 100,000",2988.4037409891,2868.09885340285,-120.304887586252,-4.02572403240379
South Asia,env_ghg_kg_co2e_person_day,GHG emissions,kg CO2-eq/person/day,3.43963686323216,3.34464266905171,-0.0949941941804506,-2.76175067187722
South Asia,env_land_m2_person_day,Land use,m2/person/day,6.26263179582738,6.07676316080856,-0.18586863501882,-2.96789977566075
South Asia,env_water_scarcity_l_equivalent_person_day,Scarcity-weighted water use,L-eq/person/day,31792.7838819239,30276.9640013196,-1515.81988060427,-4.7678111052933
South Asia,env_eutrophication_g_po4e_person_day,Eutrophication,g PO4-eq/person/day,21.5549708903121,21.2117902892991,-0.343180601013064,-1.59211813720104
South Asia,sdi,Socio-demographic Index,index,0.330032603389369,0.550301339625,0.220268736235631,66.7415079520976
South Asia,env_coverage_proportion,Environmental intake coverage,proportion,0.986696131677879,0.986087589128207,-0.000608542549672242,-0.0616747679589474
South Asia,population_60plus_from_gbd,60+ population,population,40694711.8891655,107499088.308018,66804376.4188525,164.159846126441
Sub-Saharan Africa,diet_mphdi_score,mPHDI score,score,74.9761924803305,75.2092444334821,0.233051953151616,0.310834606882386
Sub-Saharan Africa,diet_med_score,Mediterranean diet score,score,5.9818379860306,6.05527731326401,0.0734393272334124,1.2277050532782
Sub-Saharan Africa,diet_dash_score,DASH score,score,28.072648586721,28.1000108719451,0.0273622852240827,0.0974695534678751
Sub-Saharan Africa,diet_ahei_score,AHEI score,score,54.3917195194996,53.383778080151,-1.00794143934857,-1.8531155996773
Sub-Saharan Africa,dementia_daly_asr60plus,Dementia DALY rate,"per 100,000",2555.15397465098,2819.90308461475,264.74910996377,10.3613759714787
Sub-Saharan Africa,dementia_prevalence_asr60plus,Dementia prevalence rate,"per 100,000",3638.79086864297,3503.99825244737,-134.7926161956,-3.70432435007919
Sub-Saharan Africa,env_ghg_kg_co2e_person_day,GHG emissions,kg CO2-eq/person/day,6.31251750535451,6.78526802955546,0.472750524200945,7.4890964468604
Sub-Saharan Africa,env_land_m2_person_day,Land use,m2/person/day,19.4424379679379,21.2173721728821,1.77493420494426,9.12917509558864
Sub-Saharan Africa,env_water_scarcity_l_equivalent_person_day,Scarcity-weighted water use,L-eq/person/day,17473.5542400128,19226.0856153915,1752.53137537869,10.029621628813
Sub-Saharan Africa,env_eutrophication_g_po4e_person_day,Eutrophication,g PO4-eq/person/day,29.8547344737171,30.1259323440063,0.271197870289221,0.908391499941065
Sub-Saharan Africa,sdi,Socio-demographic Index,index,0.287472479333378,0.443225938486138,0.15575345915276,54.1803025854639
Sub-Saharan Africa,env_coverage_proportion,Environmental intake coverage,proportion,0.922405511839285,0.864836169821585,-0.0575693420177003,-6.2412183447285
Sub-Saharan Africa,population_60plus_from_gbd,60+ population,population,1870327.28723612,3496405.77464033,1626078.48740421,86.9408524647657
