variable,label,unit
diet_mphdi_score,mPHDI score,score
diet_med_score,Mediterranean diet score,score
diet_dash_score,DASH score,score
diet_ahei_score,AHEI score,score
dementia_daly_asr60plus,Dementia DALY rate,"per 100,000"
dementia_prevalence_asr60plus,Dementia prevalence rate,"per 100,000"
env_ghg_kg_co2e_person_day,GHG emissions,kg CO2-eq/person/day
env_land_m2_person_day,Land use,m2/person/day
env_water_scarcity_l_equivalent_person_day,Scarcity-weighted water use,L-eq/person/day
env_eutrophication_g_po4e_person_day,Eutrophication,g PO4-eq/person/day
sdi,Socio-demographic Index,index
env_coverage_proportion,Environmental intake coverage,proportion
population_60plus_from_gbd,60+ population,population
