variable,label,unit,n,mean,sd,median,q25,q75,minimum,maximum
diet_mphdi_score,mPHDI score,score,1295,72.12072650684,7.65684612778234,72.4967488235967,67.2908521106034,77.4524601735849,48.7927145747466,96.055069611999
diet_med_score,Mediterranean diet score,score,1295,5.06023166023166,1.3416701426356,5,4,6,1,8
diet_dash_score,DASH score,score,1295,26.8710424710425,2.67067538776024,27,25,29,15,36
diet_ahei_score,AHEI score,score,1295,52.5060923274672,8.07521977521792,52.6298624155834,46.9305840983389,58.1071869347313,26.2259470289992,77.755101008459
dementia_daly_asr60plus,Dementia DALY rate,"per 100,000",1295,2774.49554139209,532.858765332313,2677.28725281672,2418.06552390597,3112.56267109719,1716.95157643984,5494.96923049523
dementia_prevalence_asr60plus,Dementia prevalence rate,"per 100,000",1295,3988.15061638641,782.909428947913,3912.14697343961,3492.41064844571,4563.93789492615,2416.79059551808,6418.14224539919
env_ghg_kg_co2e_person_day,GHG emissions,kg CO2-eq/person/day,1295,6.45687883201055,2.87281655000252,5.80257081017149,4.60832872311532,7.53019419988381,1.80845189926274,22.0341290264557
env_land_m2_person_day,Land use,m2/person/day,1295,18.5540381386964,11.3557142158364,16.3884156410349,11.128869849363,22.6121292329803,2.66276358504682,86.6966030764104
env_water_scarcity_l_equivalent_person_day,Scarcity-weighted water use,L-eq/person/day,1295,26260.9657450182,8961.87282853337,25607.472439219,19951.3112618417,30647.6301446516,9045.63360181413,60019.4615300602
env_eutrophication_g_po4e_person_day,Eutrophication,g PO4-eq/person/day,1295,31.7492971177423,11.5660412753468,30.5630658421868,23.9276255575399,37.1230212244411,9.04346728631391,98.4591506866094
sdi,Socio-demographic Index,index,1295,0.563029751194595,0.188786451480125,0.581624109,0.4226091995,0.7116975995,0.085910255,0.938413531
env_coverage_proportion,Environmental intake coverage,proportion,1295,0.895424725458203,0.0757639122935426,0.912334089343203,0.854700989800393,0.952682254662206,0.481069718430036,0.998185060159347
population_60plus_from_gbd,60+ population,population,1295,3870937.8521396,15408574.6323533,615510.18419363,143933.805949,2061354.19138795,1742.86344673909,252806235.232391
