variable,panel,label,unit
diet_mphdi_score,A,mPHDI,score
diet_med_score,B,MED,score
diet_dash_score,C,DASH,score
diet_ahei_score,D,AHEI,score
dementia_daly_asr60plus,E,Dementia DALY rate,"per 100,000"
dementia_prevalence_asr60plus,F,Dementia prevalence rate,"per 100,000"
env_ghg_kg_co2e_person_day,G,GHG emissions,kg CO2-eq/person/day
env_land_m2_person_day,H,Land use,m2/person/day
env_water_scarcity_l_equivalent_person_day,I,Scarcity-weighted water use,L-eq/person/day
env_eutrophication_g_po4e_person_day,J,Eutrophication,g PO4-eq/person/day
