family,outcome,dietary_pattern,region,exposure_increment,p_interaction,temporal_relation,estimate_percent,lower_percent,upper_percent,p_value,observations,countries,estimate_95ci,p_interaction_text
Dementia,Dementia DALY rate,mPHDI,High-income countries,10,0.12924462330833,10-year lag,0.242454067120357,-0.759255276709769,1.25427439522727,0.622660085127874,96,24,"+0.2% (-0.8, +1.3)",0.129
Dementia,Dementia DALY rate,MED,High-income countries,1,0.557233438344917,10-year lag,0.117441261686979,-0.250606555709565,0.486847074267383,0.516272304013959,96,24,"+0.1% (-0.3, +0.5)",0.557
Dementia,Dementia DALY rate,DASH,High-income countries,5,0.00888191633970174,10-year lag,-0.106566369360905,-1.43985479537353,1.24475833311266,0.871047748704791,96,24,"-0.1% (-1.4, +1.2)",0.009
Dementia,Dementia DALY rate,AHEI,High-income countries,10,0.0362731356301276,10-year lag,-0.00951285331601825,-1.9200011692315,1.93818963112273,0.991948717168665,96,24,"-0.0% (-1.9, +1.9)",0.036
Dementia,Dementia DALY rate,mPHDI,Central/Eastern Europe and Central Asia,10,0.12924462330833,10-year lag,-1.07584313781751,-2.98547113156761,0.871373855405633,0.265305489721012,116,29,"-1.1% (-3.0, +0.9)",0.129
Dementia,Dementia DALY rate,MED,Central/Eastern Europe and Central Asia,1,0.557233438344917,10-year lag,-0.809083638607766,-2.01742176502191,0.414155922878257,0.185407485536783,116,29,"-0.8% (-2.0, +0.4)",0.557
Dementia,Dementia DALY rate,DASH,Central/Eastern Europe and Central Asia,5,0.00888191633970174,10-year lag,-0.66326093653577,-3.17869014198258,1.91751942039715,0.599279193187067,116,29,"-0.7% (-3.2, +1.9)",0.009
Dementia,Dementia DALY rate,AHEI,Central/Eastern Europe and Central Asia,10,0.0362731356301276,10-year lag,-1.95345795072326,-4.29584687217752,0.446261668302972,0.105822310859249,116,29,"-2.0% (-4.3, +0.4)",0.036
Dementia,Dementia DALY rate,mPHDI,East and Southeast Asia,10,0.12924462330833,10-year lag,0.845979733397728,-0.927045337539867,2.65073513793528,0.33609493770342,96,24,"+0.8% (-0.9, +2.7)",0.129
Dementia,Dementia DALY rate,MED,East and Southeast Asia,1,0.557233438344917,10-year lag,0.0144979126834865,-1.39720028096126,1.44640741671314,0.983351011385847,96,24,"+0.0% (-1.4, +1.4)",0.557
Dementia,Dementia DALY rate,DASH,East and Southeast Asia,5,0.00888191633970174,10-year lag,-2.39545168712336,-5.88986684651579,1.22871503989543,0.182155909069753,96,24,"-2.4% (-5.9, +1.2)",0.009
Dementia,Dementia DALY rate,AHEI,East and Southeast Asia,10,0.0362731356301276,10-year lag,0.461739523856464,-2.60979956073421,3.63015028861227,0.761676914678124,96,24,"+0.5% (-2.6, +3.6)",0.036
Dementia,Dementia DALY rate,mPHDI,Latin America and the Caribbean,10,0.12924462330833,10-year lag,-0.415522883518749,-2.47295125183359,1.68530894614429,0.68695955565641,128,32,"-0.4% (-2.5, +1.7)",0.129
Dementia,Dementia DALY rate,MED,Latin America and the Caribbean,1,0.557233438344917,10-year lag,-0.241836631732606,-0.850215549591704,0.370275273643772,0.425659576806855,128,32,"-0.2% (-0.9, +0.4)",0.557
Dementia,Dementia DALY rate,DASH,Latin America and the Caribbean,5,0.00888191633970174,10-year lag,-1.02282558825892,-2.40572429082351,0.379668616271922,0.146270712919297,128,32,"-1.0% (-2.4, +0.4)",0.009
Dementia,Dementia DALY rate,AHEI,Latin America and the Caribbean,10,0.0362731356301276,10-year lag,-0.729570138104985,-2.67488260925187,1.25462479947867,0.456177440765038,128,32,"-0.7% (-2.7, +1.3)",0.036
Dementia,Dementia DALY rate,mPHDI,Middle East and North Africa,10,0.12924462330833,10-year lag,-3.43409815601463,-8.14148540849351,1.51452416153517,0.159681334991191,80,20,"-3.4% (-8.1, +1.5)",0.129
Dementia,Dementia DALY rate,MED,Middle East and North Africa,1,0.557233438344917,10-year lag,0.216308545849619,-1.40299086676099,1.86220238166566,0.784299174719388,80,20,"+0.2% (-1.4, +1.9)",0.557
Dementia,Dementia DALY rate,DASH,Middle East and North Africa,5,0.00888191633970174,10-year lag,1.84949512399104,-2.32494630925894,6.20234404841897,0.370876649590508,80,20,"+1.8% (-2.3, +6.2)",0.009
Dementia,Dementia DALY rate,AHEI,Middle East and North Africa,10,0.0362731356301276,10-year lag,-0.548171575924972,-6.10912217269188,5.34214191801881,0.843647275690795,80,20,"-0.5% (-6.1, +5.3)",0.036
Dementia,Dementia DALY rate,mPHDI,South Asia,10,0.12924462330833,10-year lag,1.46409891677506,-4.72225329704203,8.05212890990315,0.601804322392735,32,8,"+1.5% (-4.7, +8.1)",0.129
Dementia,Dementia DALY rate,MED,South Asia,1,0.557233438344917,10-year lag,-0.847548457916436,-5.10700047156475,3.60309712687763,0.660572271229701,32,8,"-0.8% (-5.1, +3.6)",0.557
Dementia,Dementia DALY rate,DASH,South Asia,5,0.00888191633970174,10-year lag,5.02493134296089,-5.20264468476221,16.3559486117926,0.295104120679593,32,8,"+5.0% (-5.2, +16.4)",0.009
Dementia,Dementia DALY rate,AHEI,South Asia,10,0.0362731356301276,10-year lag,-1.3015781009829,-5.69045411800981,3.29154269861285,0.51771627605712,32,8,"-1.3% (-5.7, +3.3)",0.036
Dementia,Dementia DALY rate,mPHDI,Sub-Saharan Africa,10,0.12924462330833,10-year lag,-1.75640265422318,-3.46159219100823,-0.0210937957882851,0.0474104222132219,192,48,"-1.8% (-3.5, -0.0)",0.129
Dementia,Dementia DALY rate,MED,Sub-Saharan Africa,1,0.557233438344917,10-year lag,-0.301190153074105,-1.33645624506303,0.744938876129853,0.56377952756659,192,48,"-0.3% (-1.3, +0.7)",0.557
Dementia,Dementia DALY rate,DASH,Sub-Saharan Africa,5,0.00888191633970174,10-year lag,-0.265449748029112,-3.34263734499818,2.90970331423761,0.865253276179224,192,48,"-0.3% (-3.3, +2.9)",0.009
Dementia,Dementia DALY rate,AHEI,Sub-Saharan Africa,10,0.0362731356301276,10-year lag,-0.879229114467806,-3.07390850919492,1.3651439960747,0.431491316297126,192,48,"-0.9% (-3.1, +1.4)",0.036
Dementia,Dementia prevalence rate,mPHDI,High-income countries,10,0.09768085685618,10-year lag,0.698355623772451,-1.34410186827546,2.78309779099764,0.489383134875979,96,24,"+0.7% (-1.3, +2.8)",0.098
Dementia,Dementia prevalence rate,MED,High-income countries,1,0.23277162162314,10-year lag,-0.249406882568604,-1.24622402327949,0.757472095294198,0.611913345966637,96,24,"-0.2% (-1.2, +0.8)",0.233
Dementia,Dementia prevalence rate,DASH,High-income countries,5,0.0269076982987139,10-year lag,-1.37854116210047,-3.1395704438836,0.414505571448154,0.124645500728475,96,24,"-1.4% (-3.1, +0.4)",0.027
Dementia,Dementia prevalence rate,AHEI,High-income countries,10,0.0367863996005894,10-year lag,-0.153518481116566,-2.87616969791695,2.64545622524646,0.909477221034943,96,24,"-0.2% (-2.9, +2.6)",0.037
Dementia,Dementia prevalence rate,mPHDI,Central/Eastern Europe and Central Asia,10,0.09768085685618,10-year lag,-0.20260302944054,-0.551605978206382,0.147624705903748,0.245645067416563,116,29,"-0.2% (-0.6, +0.1)",0.098
Dementia,Dementia prevalence rate,MED,Central/Eastern Europe and Central Asia,1,0.23277162162314,10-year lag,-0.181178239471613,-0.530686075984665,0.169557671539633,0.298634954855866,116,29,"-0.2% (-0.5, +0.2)",0.233
Dementia,Dementia prevalence rate,DASH,Central/Eastern Europe and Central Asia,5,0.0269076982987139,10-year lag,-0.126308843145539,-0.631434766249317,0.381384815515151,0.613637911733412,116,29,"-0.1% (-0.6, +0.4)",0.027
Dementia,Dementia prevalence rate,AHEI,Central/Eastern Europe and Central Asia,10,0.0367863996005894,10-year lag,-0.113492116447911,-0.479832080038878,0.254196367465398,0.53182331041646,116,29,"-0.1% (-0.5, +0.3)",0.037
Dementia,Dementia prevalence rate,mPHDI,East and Southeast Asia,10,0.09768085685618,10-year lag,-0.612985199006633,-1.70219565700924,0.48829449522918,0.260250200029604,96,24,"-0.6% (-1.7, +0.5)",0.098
Dementia,Dementia prevalence rate,MED,East and Southeast Asia,1,0.23277162162314,10-year lag,-0.235294024826038,-1.06604318000588,0.6024309370537,0.565712965560354,96,24,"-0.2% (-1.1, +0.6)",0.233
Dementia,Dementia prevalence rate,DASH,East and Southeast Asia,5,0.0269076982987139,10-year lag,-0.659287455287383,-2.2006656818202,0.906383849043912,0.39060094247996,96,24,"-0.7% (-2.2, +0.9)",0.027
Dementia,Dementia prevalence rate,AHEI,East and Southeast Asia,10,0.0367863996005894,10-year lag,-0.405624737862464,-2.25848511273259,1.48235982730411,0.658536927583299,96,24,"-0.4% (-2.3, +1.5)",0.037
Dementia,Dementia prevalence rate,mPHDI,Latin America and the Caribbean,10,0.09768085685618,10-year lag,-0.0144621258172051,-0.381767712038428,0.354197764636988,0.93663354804552,128,32,"-0.0% (-0.4, +0.4)",0.098
Dementia,Dementia prevalence rate,MED,Latin America and the Caribbean,1,0.23277162162314,10-year lag,-0.03876335544305,-0.224679293510133,0.147499008331153,0.673945856831971,128,32,"-0.0% (-0.2, +0.1)",0.233
Dementia,Dementia prevalence rate,DASH,Latin America and the Caribbean,5,0.0269076982987139,10-year lag,-0.126753209902886,-0.468220038983758,0.215885100240709,0.455771138769679,128,32,"-0.1% (-0.5, +0.2)",0.027
Dementia,Dementia prevalence rate,AHEI,Latin America and the Caribbean,10,0.0367863996005894,10-year lag,-0.215199728217386,-0.600790092273829,0.171886421660616,0.265142178637066,128,32,"-0.2% (-0.6, +0.2)",0.037
Dementia,Dementia prevalence rate,mPHDI,Middle East and North Africa,10,0.09768085685618,10-year lag,-0.120232515457319,-0.740790586862794,0.504205219329146,0.69071144150218,80,20,"-0.1% (-0.7, +0.5)",0.098
Dementia,Dementia prevalence rate,MED,Middle East and North Africa,1,0.23277162162314,10-year lag,0.0580162807531037,-0.270408455227134,0.387522569415255,0.716036928113946,80,20,"+0.1% (-0.3, +0.4)",0.233
Dementia,Dementia prevalence rate,DASH,Middle East and North Africa,5,0.0269076982987139,10-year lag,0.326704464172201,-0.202867345497648,0.859086437762979,0.212557453961378,80,20,"+0.3% (-0.2, +0.9)",0.027
Dementia,Dementia prevalence rate,AHEI,Middle East and North Africa,10,0.0367863996005894,10-year lag,0.19603044610419,-0.284613312087523,0.678990982377647,0.404596044418378,80,20,"+0.2% (-0.3, +0.7)",0.037
Dementia,Dementia prevalence rate,mPHDI,South Asia,10,0.09768085685618,10-year lag,-3.42196687013295,-4.85989028243071,-1.96231104922465,0.000917501990465058,32,8,"-3.4% (-4.9, -2.0)",0.098
Dementia,Dementia prevalence rate,MED,South Asia,1,0.23277162162314,10-year lag,1.44942868444076,-0.470211562643841,3.40609321074954,0.118083457717734,32,8,"+1.4% (-0.5, +3.4)",0.233
Dementia,Dementia prevalence rate,DASH,South Asia,5,0.0269076982987139,10-year lag,-1.30735026618376,-4.96597875513137,2.49212843876858,0.437241120841684,32,8,"-1.3% (-5.0, +2.5)",0.027
Dementia,Dementia prevalence rate,AHEI,South Asia,10,0.0367863996005894,10-year lag,-2.68801953928836,-5.22884045718465,-0.079079048222741,0.0450666723910144,32,8,"-2.7% (-5.2, -0.1)",0.037
Dementia,Dementia prevalence rate,mPHDI,Sub-Saharan Africa,10,0.09768085685618,10-year lag,-0.234213064432487,-0.655644865114236,0.189006505291456,0.270788684587165,192,48,"-0.2% (-0.7, +0.2)",0.098
Dementia,Dementia prevalence rate,MED,Sub-Saharan Africa,1,0.23277162162314,10-year lag,0.0731093556029627,-0.184739113419785,0.33162391348216,0.571477152000668,192,48,"+0.1% (-0.2, +0.3)",0.233
Dementia,Dementia prevalence rate,DASH,Sub-Saharan Africa,5,0.0269076982987139,10-year lag,0.147461749852251,-0.435996645651027,0.734339289703034,0.614293508796366,192,48,"+0.1% (-0.4, +0.7)",0.027
Dementia,Dementia prevalence rate,AHEI,Sub-Saharan Africa,10,0.0367863996005894,10-year lag,-0.280439217842543,-0.701966070216775,0.142877044454925,0.188731905672168,192,48,"-0.3% (-0.7, +0.1)",0.037
Environment,Eutrophication,mPHDI,High-income countries,10,0.672487301217108,Concurrent,-3.164614349878,-6.61118518937464,0.409154276374513,0.0793829073116723,168,24,"-3.2% (-6.6, +0.4)",0.672
Environment,Eutrophication,MED,High-income countries,1,0.130867486547516,Concurrent,0.0307478250815896,-4.43499751509041,4.70517710733185,0.989009877053664,168,24,"+0.0% (-4.4, +4.7)",0.131
Environment,Eutrophication,DASH,High-income countries,5,0.811965183082513,Concurrent,-2.64133415031402,-8.93005480385758,4.08164620738472,0.415466125635067,168,24,"-2.6% (-8.9, +4.1)",0.812
Environment,Eutrophication,AHEI,High-income countries,10,0.364146798177247,Concurrent,-4.84087028530177,-12.9178261255922,3.98523102005346,0.259048346005277,168,24,"-4.8% (-12.9, +4.0)",0.364
Environment,Eutrophication,mPHDI,Central/Eastern Europe and Central Asia,10,0.672487301217108,Concurrent,1.32824692289744,-9.90628023569742,13.9636997043592,0.81976118772855,203,29,"+1.3% (-9.9, +14.0)",0.672
Environment,Eutrophication,MED,Central/Eastern Europe and Central Asia,1,0.130867486547516,Concurrent,5.45682849901479,-1.88200534979901,13.3445777883908,0.142538728725678,203,29,"+5.5% (-1.9, +13.3)",0.131
Environment,Eutrophication,DASH,Central/Eastern Europe and Central Asia,5,0.811965183082513,Concurrent,4.34680237220799,-17.1536289737408,31.4270622892276,0.708463874646696,203,29,"+4.3% (-17.2, +31.4)",0.812
Environment,Eutrophication,AHEI,Central/Eastern Europe and Central Asia,10,0.364146798177247,Concurrent,10.8763387353794,-6.05268419142236,30.8559205290265,0.21227301507872,203,29,"+10.9% (-6.1, +30.9)",0.364
Environment,Eutrophication,mPHDI,East and Southeast Asia,10,0.672487301217108,Concurrent,-6.65127837956463,-17.8805571983278,6.11352842730311,0.278088746645882,168,24,"-6.7% (-17.9, +6.1)",0.672
Environment,Eutrophication,MED,East and Southeast Asia,1,0.130867486547516,Concurrent,2.77388728939916,-4.59760448377835,10.7149548124097,0.454693098721877,168,24,"+2.8% (-4.6, +10.7)",0.131
Environment,Eutrophication,DASH,East and Southeast Asia,5,0.811965183082513,Concurrent,-6.03056524108596,-15.7381616899027,4.79541920760171,0.250046975995684,168,24,"-6.0% (-15.7, +4.8)",0.812
Environment,Eutrophication,AHEI,East and Southeast Asia,10,0.364146798177247,Concurrent,-5.61183873733204,-16.7990270312075,7.07957694063379,0.353466977967456,168,24,"-5.6% (-16.8, +7.1)",0.364
Environment,Eutrophication,mPHDI,Latin America and the Caribbean,10,0.672487301217108,Concurrent,-8.0053365765378,-17.4946546149616,2.57539143555641,0.128169498873577,224,32,"-8.0% (-17.5, +2.6)",0.672
Environment,Eutrophication,MED,Latin America and the Caribbean,1,0.130867486547516,Concurrent,1.00450133815566,-3.05681447127852,5.23596099023338,0.622901994034937,224,32,"+1.0% (-3.1, +5.2)",0.131
Environment,Eutrophication,DASH,Latin America and the Caribbean,5,0.811965183082513,Concurrent,-10.3793698059757,-20.3630379080665,0.855898384245468,0.0678168441094509,224,32,"-10.4% (-20.4, +0.9)",0.812
Environment,Eutrophication,AHEI,Latin America and the Caribbean,10,0.364146798177247,Concurrent,-9.19042974767819,-19.2638901053115,2.13989824587626,0.104541293081764,224,32,"-9.2% (-19.3, +2.1)",0.364
Environment,Eutrophication,mPHDI,Middle East and North Africa,10,0.672487301217108,Concurrent,-6.72749065319473,-23.7541729060854,14.1014706173241,0.478372279667821,140,20,"-6.7% (-23.8, +14.1)",0.672
Environment,Eutrophication,MED,Middle East and North Africa,1,0.130867486547516,Concurrent,-3.17441229436097,-9.63909387015159,3.75277137073264,0.340787383114943,140,20,"-3.2% (-9.6, +3.8)",0.131
Environment,Eutrophication,DASH,Middle East and North Africa,5,0.811965183082513,Concurrent,-7.35635444185547,-22.6378979392127,10.9437933260802,0.386070128900148,140,20,"-7.4% (-22.6, +10.9)",0.812
Environment,Eutrophication,AHEI,Middle East and North Africa,10,0.364146798177247,Concurrent,-5.88836444408757,-17.6705089113813,7.57991856739748,0.35419722182231,140,20,"-5.9% (-17.7, +7.6)",0.364
Environment,Eutrophication,mPHDI,South Asia,10,0.672487301217108,Concurrent,7.58183807694521,-2.13479299861054,18.263193208693,0.110660171719665,56,8,"+7.6% (-2.1, +18.3)",0.672
Environment,Eutrophication,MED,South Asia,1,0.130867486547516,Concurrent,-0.675285950124904,-6.32265610244476,5.31253780933598,0.792211847190319,56,8,"-0.7% (-6.3, +5.3)",0.131
Environment,Eutrophication,DASH,South Asia,5,0.811965183082513,Concurrent,0.400577935084367,-24.8763839508454,34.1825191575345,0.974908502858015,56,8,"+0.4% (-24.9, +34.2)",0.812
Environment,Eutrophication,AHEI,South Asia,10,0.364146798177247,Concurrent,22.490778275124,0.38405330566873,49.4658789754039,0.04676267997265,56,8,"+22.5% (+0.4, +49.5)",0.364
Environment,Eutrophication,mPHDI,Sub-Saharan Africa,10,0.672487301217108,Concurrent,-1.47411405086407,-10.366431271296,8.30038722929347,0.753514474103372,336,48,"-1.5% (-10.4, +8.3)",0.672
Environment,Eutrophication,MED,Sub-Saharan Africa,1,0.130867486547516,Concurrent,2.77743021828139,-2.01160856267607,7.80052623917407,0.253929251371573,336,48,"+2.8% (-2.0, +7.8)",0.131
Environment,Eutrophication,DASH,Sub-Saharan Africa,5,0.811965183082513,Concurrent,-9.89176376404088,-20.4783773700532,2.10423239650697,0.100269940586932,336,48,"-9.9% (-20.5, +2.1)",0.812
Environment,Eutrophication,AHEI,Sub-Saharan Africa,10,0.364146798177247,Concurrent,-1.38566793480918,-12.5726760252532,11.2328051064757,0.816672225866897,336,48,"-1.4% (-12.6, +11.2)",0.364
Environment,GHG emissions,mPHDI,High-income countries,10,0.183760275029907,Concurrent,-3.18042433972815,-6.67686330723301,0.447011997632951,0.082144044937945,168,24,"-3.2% (-6.7, +0.4)",0.184
Environment,GHG emissions,MED,High-income countries,1,0.372943945087443,Concurrent,-0.871922819489646,-6.85795543316595,5.4988188331458,0.773772539372325,168,24,"-0.9% (-6.9, +5.5)",0.373
Environment,GHG emissions,DASH,High-income countries,5,0.389346415530415,Concurrent,-3.67422078515798,-10.8114987174477,4.03421526224985,0.324926741947574,168,24,"-3.7% (-10.8, +4.0)",0.389
Environment,GHG emissions,AHEI,High-income countries,10,0.267667643014479,Concurrent,-4.83379668891109,-14.6778192586062,6.14597721192234,0.357660725218937,168,24,"-4.8% (-14.7, +6.1)",0.268
Environment,GHG emissions,mPHDI,Central/Eastern Europe and Central Asia,10,0.183760275029907,Concurrent,-6.77028870285379,-16.8059212574249,4.47593386356184,0.217760743373794,203,29,"-6.8% (-16.8, +4.5)",0.184
Environment,GHG emissions,MED,Central/Eastern Europe and Central Asia,1,0.372943945087443,Concurrent,1.75969968173058,-5.37578421336689,9.433260748659,0.626904434044584,203,29,"+1.8% (-5.4, +9.4)",0.373
Environment,GHG emissions,DASH,Central/Eastern Europe and Central Asia,5,0.389346415530415,Concurrent,1.1941455397021,-19.0454581099125,26.4938921575724,0.9140067615605,203,29,"+1.2% (-19.0, +26.5)",0.389
Environment,GHG emissions,AHEI,Central/Eastern Europe and Central Asia,10,0.267667643014479,Concurrent,3.05969346539279,-12.0916632266206,20.8224476429531,0.700775689055198,203,29,"+3.1% (-12.1, +20.8)",0.268
Environment,GHG emissions,mPHDI,East and Southeast Asia,10,0.183760275029907,Concurrent,-15.4560340403927,-29.4407354354887,1.30040646390541,0.0672325792641686,168,24,"-15.5% (-29.4, +1.3)",0.184
Environment,GHG emissions,MED,East and Southeast Asia,1,0.372943945087443,Concurrent,0.0219338747593056,-8.89917813410713,9.81665204704654,0.996167137635909,168,24,"+0.0% (-8.9, +9.8)",0.373
Environment,GHG emissions,DASH,East and Southeast Asia,5,0.389346415530415,Concurrent,-9.28677454655448,-20.465062854451,3.46257339851492,0.138868466260568,168,24,"-9.3% (-20.5, +3.5)",0.389
Environment,GHG emissions,AHEI,East and Southeast Asia,10,0.267667643014479,Concurrent,-15.077120743009,-33.0519003229573,7.72367634163813,0.168584739512745,168,24,"-15.1% (-33.1, +7.7)",0.268
Environment,GHG emissions,mPHDI,Latin America and the Caribbean,10,0.183760275029907,Concurrent,-14.1664485880961,-21.6594907657966,-5.95671868873499,0.00181847440927616,224,32,"-14.2% (-21.7, -6.0)",0.184
Environment,GHG emissions,MED,Latin America and the Caribbean,1,0.372943945087443,Concurrent,-0.527740903302465,-4.5226390145463,3.63430898878763,0.794075100408069,224,32,"-0.5% (-4.5, +3.6)",0.373
Environment,GHG emissions,DASH,Latin America and the Caribbean,5,0.389346415530415,Concurrent,-8.94612832379669,-19.9165124391056,3.52705407493998,0.146630883141373,224,32,"-8.9% (-19.9, +3.5)",0.389
Environment,GHG emissions,AHEI,Latin America and the Caribbean,10,0.267667643014479,Concurrent,-14.4881095252849,-23.7343926819334,-4.12082628459622,0.00894589256841977,224,32,"-14.5% (-23.7, -4.1)",0.268
Environment,GHG emissions,mPHDI,Middle East and North Africa,10,0.183760275029907,Concurrent,-13.6213295314136,-33.7683696660022,12.6542510624358,0.262813099780304,140,20,"-13.6% (-33.8, +12.7)",0.184
Environment,GHG emissions,MED,Middle East and North Africa,1,0.372943945087443,Concurrent,-6.85862648837304,-13.1184771051788,-0.147750976525352,0.0457722343684158,140,20,"-6.9% (-13.1, -0.1)",0.373
Environment,GHG emissions,DASH,Middle East and North Africa,5,0.389346415530415,Concurrent,-13.7651505264713,-27.9439716138855,3.20370731333814,0.100649107136969,140,20,"-13.8% (-27.9, +3.2)",0.389
Environment,GHG emissions,AHEI,Middle East and North Africa,10,0.267667643014479,Concurrent,-13.4143788694369,-25.4648592380129,0.584364769710311,0.0586582435368606,140,20,"-13.4% (-25.5, +0.6)",0.268
Environment,GHG emissions,mPHDI,South Asia,10,0.183760275029907,Concurrent,16.6771229035164,-6.22198472662627,45.167830320968,0.138977189664331,56,8,"+16.7% (-6.2, +45.2)",0.184
Environment,GHG emissions,MED,South Asia,1,0.372943945087443,Concurrent,-0.0820306068750165,-11.9655257016621,13.4055798846743,0.988200272247928,56,8,"-0.1% (-12.0, +13.4)",0.373
Environment,GHG emissions,DASH,South Asia,5,0.389346415530415,Concurrent,13.7940701153628,-29.41644207165,83.4576036329145,0.542676011545476,56,8,"+13.8% (-29.4, +83.5)",0.389
Environment,GHG emissions,AHEI,South Asia,10,0.267667643014479,Concurrent,33.5184580440111,2.29852779456241,74.2662286817185,0.0372038081611747,56,8,"+33.5% (+2.3, +74.3)",0.268
Environment,GHG emissions,mPHDI,Sub-Saharan Africa,10,0.183760275029907,Concurrent,-10.7735391136854,-19.082487784092,-1.61139283355444,0.0232411265323403,336,48,"-10.8% (-19.1, -1.6)",0.184
Environment,GHG emissions,MED,Sub-Saharan Africa,1,0.372943945087443,Concurrent,-1.65446962084855,-5.52862623692185,2.37856146574431,0.407897830127743,336,48,"-1.7% (-5.5, +2.4)",0.373
Environment,GHG emissions,DASH,Sub-Saharan Africa,5,0.389346415530415,Concurrent,-14.2460538973624,-23.1882794394349,-4.26279715508078,0.007246055090195,336,48,"-14.2% (-23.2, -4.3)",0.389
Environment,GHG emissions,AHEI,Sub-Saharan Africa,10,0.267667643014479,Concurrent,-13.944531714193,-24.230603727759,-2.26207431716529,0.0217687411829277,336,48,"-13.9% (-24.2, -2.3)",0.268
Environment,Land use,mPHDI,High-income countries,10,0.0572841419776293,Concurrent,-3.41638751823673,-7.39556033240214,0.733768634760246,0.100877677003009,168,24,"-3.4% (-7.4, +0.7)",0.057
Environment,Land use,MED,High-income countries,1,0.23756214406118,Concurrent,-1.24021919840032,-7.88832483189373,5.88770952411439,0.71443579673177,168,24,"-1.2% (-7.9, +5.9)",0.238
Environment,Land use,DASH,High-income countries,5,0.191712238261588,Concurrent,-4.6755387675696,-12.4763007623923,3.82048506181831,0.257865459008622,168,24,"-4.7% (-12.5, +3.8)",0.192
Environment,Land use,AHEI,High-income countries,10,0.117188011730068,Concurrent,-5.37725946703432,-16.1993650971809,6.84242471852381,0.356284497043728,168,24,"-5.4% (-16.2, +6.8)",0.117
Environment,Land use,mPHDI,Central/Eastern Europe and Central Asia,10,0.0572841419776293,Concurrent,-9.19046685455274,-19.6433547630107,2.62214513527461,0.117558410515451,203,29,"-9.2% (-19.6, +2.6)",0.057
Environment,Land use,MED,Central/Eastern Europe and Central Asia,1,0.23756214406118,Concurrent,0.838073398246886,-6.70794784400532,8.99446213990096,0.82762810086524,203,29,"+0.8% (-6.7, +9.0)",0.238
Environment,Land use,DASH,Central/Eastern Europe and Central Asia,5,0.191712238261588,Concurrent,0.357895911247508,-20.5808126023404,26.817052676487,0.975273310764362,203,29,"+0.4% (-20.6, +26.8)",0.192
Environment,Land use,AHEI,Central/Eastern Europe and Central Asia,10,0.117188011730068,Concurrent,1.05593990801505,-14.393479528467,19.2935179988805,0.897742102102993,203,29,"+1.1% (-14.4, +19.3)",0.117
Environment,Land use,mPHDI,East and Southeast Asia,10,0.0572841419776293,Concurrent,-23.4351675421653,-38.9572526818607,-3.9660921756332,0.0229008219131245,168,24,"-23.4% (-39.0, -4.0)",0.057
Environment,Land use,MED,East and Southeast Asia,1,0.23756214406118,Concurrent,0.54690118109344,-12.1385825513207,15.0639226031805,0.934050620769451,168,24,"+0.5% (-12.1, +15.1)",0.238
Environment,Land use,DASH,East and Southeast Asia,5,0.191712238261588,Concurrent,-14.3848664212154,-29.931053500233,4.61055094837926,0.122507114462232,168,24,"-14.4% (-29.9, +4.6)",0.192
Environment,Land use,AHEI,East and Southeast Asia,10,0.117188011730068,Concurrent,-21.6161621544123,-43.3314085574531,8.42030618729,0.134048955969795,168,24,"-21.6% (-43.3, +8.4)",0.117
Environment,Land use,mPHDI,Latin America and the Caribbean,10,0.0572841419776293,Concurrent,-16.0792855255014,-23.245322181164,-8.24420715395138,0.000359778103913714,224,32,"-16.1% (-23.2, -8.2)",0.057
Environment,Land use,MED,Latin America and the Caribbean,1,0.23756214406118,Concurrent,-0.853316562966489,-5.14631735409095,3.63398196419205,0.695654093012887,224,32,"-0.9% (-5.1, +3.6)",0.238
Environment,Land use,DASH,Latin America and the Caribbean,5,0.191712238261588,Concurrent,-7.62168873732,-19.703331810068,6.27778940415114,0.25749510704243,224,32,"-7.6% (-19.7, +6.3)",0.192
Environment,Land use,AHEI,Latin America and the Caribbean,10,0.117188011730068,Concurrent,-15.9057850184583,-25.6142059975638,-4.93027481658467,0.00714899942538592,224,32,"-15.9% (-25.6, -4.9)",0.117
Environment,Land use,mPHDI,Middle East and North Africa,10,0.0572841419776293,Concurrent,-17.6675051186215,-40.4847764403403,13.8975762494973,0.225131041846881,140,20,"-17.7% (-40.5, +13.9)",0.057
Environment,Land use,MED,Middle East and North Africa,1,0.23756214406118,Concurrent,-9.07368243022692,-16.1446001400902,-1.40652551164019,0.0236852616462116,140,20,"-9.1% (-16.1, -1.4)",0.238
Environment,Land use,DASH,Middle East and North Africa,5,0.191712238261588,Concurrent,-18.6511994793729,-34.1270100514249,0.460406477843822,0.0546938605980901,140,20,"-18.7% (-34.1, +0.5)",0.192
Environment,Land use,AHEI,Middle East and North Africa,10,0.117188011730068,Concurrent,-18.7180291783229,-33.0575908350012,-1.30682682226592,0.0376313245992727,140,20,"-18.7% (-33.1, -1.3)",0.117
Environment,Land use,mPHDI,South Asia,10,0.0572841419776293,Concurrent,26.2831541103598,-10.1419065658982,77.4735519372675,0.148933453039775,56,8,"+26.3% (-10.1, +77.5)",0.057
Environment,Land use,MED,South Asia,1,0.23756214406118,Concurrent,2.62156025790421,-14.8213648691342,23.6364566488637,0.752170365355547,56,8,"+2.6% (-14.8, +23.6)",0.238
Environment,Land use,DASH,South Asia,5,0.191712238261588,Concurrent,28.7517768778219,-32.9643942722234,147.28679437184,0.390326834845342,56,8,"+28.8% (-33.0, +147.3)",0.192
Environment,Land use,AHEI,South Asia,10,0.117188011730068,Concurrent,34.9520710452442,-3.70733106426533,89.1323782037373,0.0738753352319209,56,8,"+35.0% (-3.7, +89.1)",0.117
Environment,Land use,mPHDI,Sub-Saharan Africa,10,0.0572841419776293,Concurrent,-15.6800403445585,-25.2597416467217,-4.87247765870987,0.0065587262010471,336,48,"-15.7% (-25.3, -4.9)",0.057
Environment,Land use,MED,Sub-Saharan Africa,1,0.23756214406118,Concurrent,-3.79984430910174,-7.71203833436189,0.278192170743474,0.0667152212454677,336,48,"-3.8% (-7.7, +0.3)",0.238
Environment,Land use,DASH,Sub-Saharan Africa,5,0.191712238261588,Concurrent,-17.2623374953648,-27.5058339511621,-5.57142498722973,0.00590266251491277,336,48,"-17.3% (-27.5, -5.6)",0.192
Environment,Land use,AHEI,Sub-Saharan Africa,10,0.117188011730068,Concurrent,-21.0214657296804,-32.1181030102868,-8.11086383703604,0.00295501383889239,336,48,"-21.0% (-32.1, -8.1)",0.117
Environment,Water-scarcity,mPHDI,High-income countries,10,0.709301358034874,Concurrent,-0.198663340747307,-3.2815220395269,2.98246011526435,0.896830881494923,168,24,"-0.2% (-3.3, +3.0)",0.709
Environment,Water-scarcity,MED,High-income countries,1,0.000121176222662789,Concurrent,-1.25920084811502,-3.32222063760486,0.847841990723874,0.226931644576519,168,24,"-1.3% (-3.3, +0.8)",<0.001
Environment,Water-scarcity,DASH,High-income countries,5,0.0133735633646452,Concurrent,6.99734935802745,0.774287685413544,13.604700490489,0.0286370191635961,168,24,"+7.0% (+0.8, +13.6)",0.013
Environment,Water-scarcity,AHEI,High-income countries,10,0.128315912887115,Concurrent,5.66523872168661,-1.55899556367436,13.419633800394,0.121109246092507,168,24,"+5.7% (-1.6, +13.4)",0.128
Environment,Water-scarcity,mPHDI,Central/Eastern Europe and Central Asia,10,0.709301358034874,Concurrent,1.47808640595848,-5.44389953850508,8.90679681538518,0.673783458291083,203,29,"+1.5% (-5.4, +8.9)",0.709
Environment,Water-scarcity,MED,Central/Eastern Europe and Central Asia,1,0.000121176222662789,Concurrent,3.96976932803905,-0.231869267977858,8.34835588090361,0.0633898884973973,203,29,"+4.0% (-0.2, +8.3)",<0.001
Environment,Water-scarcity,DASH,Central/Eastern Europe and Central Asia,5,0.0133735633646452,Concurrent,9.74985879342212,-1.27329932155091,22.0037884625206,0.0825783257214253,203,29,"+9.7% (-1.3, +22.0)",0.013
Environment,Water-scarcity,AHEI,Central/Eastern Europe and Central Asia,10,0.128315912887115,Concurrent,13.507413340137,3.16473391711962,24.8869879654746,0.0111836956794091,203,29,"+13.5% (+3.2, +24.9)",0.128
Environment,Water-scarcity,mPHDI,East and Southeast Asia,10,0.709301358034874,Concurrent,3.93887917113442,-6.65303087519984,15.7326338995349,0.464668139063208,168,24,"+3.9% (-6.7, +15.7)",0.709
Environment,Water-scarcity,MED,East and Southeast Asia,1,0.000121176222662789,Concurrent,1.89802747235959,-2.06245589379899,6.01866830046771,0.33672299279574,168,24,"+1.9% (-2.1, +6.0)",<0.001
Environment,Water-scarcity,DASH,East and Southeast Asia,5,0.0133735633646452,Concurrent,4.42120153263641,-6.54867572029566,16.6787888086412,0.428315746867456,168,24,"+4.4% (-6.5, +16.7)",0.013
Environment,Water-scarcity,AHEI,East and Southeast Asia,10,0.128315912887115,Concurrent,11.2483191849767,0.252679836987491,23.4499520771549,0.0451185510356059,168,24,"+11.2% (+0.3, +23.4)",0.128
Environment,Water-scarcity,mPHDI,Latin America and the Caribbean,10,0.709301358034874,Concurrent,0.811032777380838,-6.51304389097847,8.70890178294543,0.828534613360386,224,32,"+0.8% (-6.5, +8.7)",0.709
Environment,Water-scarcity,MED,Latin America and the Caribbean,1,0.000121176222662789,Concurrent,0.828018930317853,-2.61831703373487,4.39632066057363,0.632082193719618,224,32,"+0.8% (-2.6, +4.4)",<0.001
Environment,Water-scarcity,DASH,Latin America and the Caribbean,5,0.0133735633646452,Concurrent,2.07474592303529,-5.12399157569816,9.81968917426956,0.571000403550446,224,32,"+2.1% (-5.1, +9.8)",0.013
Environment,Water-scarcity,AHEI,Latin America and the Caribbean,10,0.128315912887115,Concurrent,-0.865666938845144,-7.78079999013274,6.56800308860246,0.807891433144573,224,32,"-0.9% (-7.8, +6.6)",0.128
Environment,Water-scarcity,mPHDI,Middle East and North Africa,10,0.709301358034874,Concurrent,3.46580369492082,-9.99462538896115,18.9392586887021,0.614782361820511,140,20,"+3.5% (-10.0, +18.9)",0.709
Environment,Water-scarcity,MED,Middle East and North Africa,1,0.000121176222662789,Concurrent,0.940501759533374,-1.48517689625869,3.42590662459823,0.430502481648492,140,20,"+0.9% (-1.5, +3.4)",<0.001
Environment,Water-scarcity,DASH,Middle East and North Africa,5,0.0133735633646452,Concurrent,9.85332950480167,-0.727309061813852,21.561669067727,0.0670906650964527,140,20,"+9.9% (-0.7, +21.6)",0.013
Environment,Water-scarcity,AHEI,Middle East and North Africa,10,0.128315912887115,Concurrent,5.71999935394936,-3.91946490594497,16.3265613837179,0.238241026955501,140,20,"+5.7% (-3.9, +16.3)",0.128
Environment,Water-scarcity,mPHDI,South Asia,10,0.709301358034874,Concurrent,15.6215625266753,5.37891798035695,26.8597740166757,0.00765291586211139,56,8,"+15.6% (+5.4, +26.9)",0.709
Environment,Water-scarcity,MED,South Asia,1,0.000121176222662789,Concurrent,3.19754225930191,-1.67041079778307,8.30649059724022,0.167390099663674,56,8,"+3.2% (-1.7, +8.3)",<0.001
Environment,Water-scarcity,DASH,South Asia,5,0.0133735633646452,Concurrent,3.34910316246146,-19.4995290023854,32.6829146726558,0.76429370064341,56,8,"+3.3% (-19.5, +32.7)",0.013
Environment,Water-scarcity,AHEI,South Asia,10,0.128315912887115,Concurrent,24.3476962926083,10.1139964396435,40.4212913274297,0.00384652297777795,56,8,"+24.3% (+10.1, +40.4)",0.128
Environment,Water-scarcity,mPHDI,Sub-Saharan Africa,10,0.709301358034874,Concurrent,1.95427895210922,-2.67277001736979,6.80130317589041,0.406100730345707,336,48,"+2.0% (-2.7, +6.8)",0.709
Environment,Water-scarcity,MED,Sub-Saharan Africa,1,0.000121176222662789,Concurrent,2.64289016239774,0.324346809907516,5.01501615408087,0.0261279592338285,336,48,"+2.6% (+0.3, +5.0)",<0.001
Environment,Water-scarcity,DASH,Sub-Saharan Africa,5,0.0133735633646452,Concurrent,0.555094240615595,-5.79824566320856,7.33692858403596,0.865251066689081,336,48,"+0.6% (-5.8, +7.3)",0.013
Environment,Water-scarcity,AHEI,Sub-Saharan Africa,10,0.128315912887115,Concurrent,1.84152454021824,-4.28181028550008,8.3565845907835,0.556687331192104,336,48,"+1.8% (-4.3, +8.4)",0.128
