"variable_code","food_label","beta","se","lower_95","upper_95","p_value","observations","countries","fit_status","fit_error","indicator_code","indicator_label","unit","estimate_display","lower_display","upper_display","analysis","absolute_rank","indicator_order_id","estimate_95ci","outcome_label","rank_within_outcome","exact_tie","colour_bin","bin_lower","bin_upper","colour_hex"
"v01","Fruits",0.00126741962545758,0.00483048548163378,-0.0082628410206809,0.0107976802715961,0.793322518216649,740,185,"OK",NA,"dementia_daly","Dementia DALY rate","% difference per 1-SD higher intake",0.126822314113917,-0.822879757952333,1.08561856055711,"10-year lagged direct food-group association",12,1,"0.13 (-0.82 to 1.09)","Dementia DALY rate",5,FALSE,3,0,0.324295883060432,"#e6a481"
"v02","Non-starchy vegetables",-0.00289018115462691,0.00440300535966313,-0.0115770489370639,0.00579668662781013,0.512379778429621,740,185,"OK",NA,"dementia_daly","Dementia DALY rate","% difference per 1-SD higher intake",-0.288600860185273,-1.15102927675069,0.581351992580714,"10-year lagged direct food-group association",8,1,"-0.29 (-1.15 to 0.58)","Dementia DALY rate",9,FALSE,2,-0.706007393439485,0,"#FFCa85"
"v03","Potatoes",0.00646497460510295,0.00530490394042016,-0.00400128545243305,0.0169312346626389,0.224526249359152,740,185,"OK",NA,"dementia_daly","Dementia DALY rate","% difference per 1-SD higher intake",0.648591766120865,-0.399329097607892,1.70753803888237,"10-year lagged direct food-group association",3,1,"0.65 (-0.40 to 1.71)","Dementia DALY rate",1,FALSE,4,0.324295883060432,0.648591766120865,"#ec9565"
"v04","Other starchy vegetables",0.00100846207792737,0.00648872136653616,-0.0117933993743799,0.0138103235302346,0.876662405210369,740,185,"OK",NA,"dementia_daly","Dementia DALY rate","% difference per 1-SD higher intake",0.10089707467853,-1.17241298152455,1.3906126563846,"10-year lagged direct food-group association",13,1,"0.10 (-1.17 to 1.39)","Dementia DALY rate",6,FALSE,3,0,0.324295883060432,"#e6a481"
"v05","Beans and legumes",0.000342970094073423,0.00289659678769907,-0.00537184314333286,0.00605778333147971,0.90587632178756,740,185,"OK",NA,"dementia_daly","Dementia DALY rate","% difference per 1-SD higher intake",0.0343028915040566,-0.535744059490551,0.607616880725259,"10-year lagged direct food-group association",14,1,"0.03 (-0.54 to 0.61)","Dementia DALY rate",7,FALSE,3,0,0.324295883060432,"#e6a481"
"v06","Nuts and seeds",-0.0142207856265837,0.00425762423880789,-0.0226208251015874,-0.00582074615157995,0.00101405274396326,740,185,"OK",NA,"dementia_daly","Dementia DALY rate","% difference per 1-SD higher intake",-1.41201478687897,-2.23668925625611,-0.580383842979126,"10-year lagged direct food-group association",1,1,"-1.41 (-2.24 to -0.58)","Dementia DALY rate",15,FALSE,1,-1.41201478687897,-0.706007393439485,"#f8e5db"
"v07","Refined grains",-0.00434172846789832,0.0046928050163304,-0.0136003537421447,0.00491689680634807,0.356079754958669,740,185,"OK",NA,"dementia_daly","Dementia DALY rate","% difference per 1-SD higher intake",-0.433231679076285,-1.3508286784866,0.492900457954026,"10-year lagged direct food-group association",6,1,"-0.43 (-1.35 to 0.49)","Dementia DALY rate",11,FALSE,2,-0.706007393439485,0,"#FFCa85"
"v08","Whole grains",-0.00499590510605925,0.00312151028375281,-0.0111544592983605,0.00116264908624199,0.111208374592904,740,185,"OK",NA,"dementia_daly","Dementia DALY rate","% difference per 1-SD higher intake",-0.498344632840342,-1.10924789835953,0.116332522470275,"10-year lagged direct food-group association",4,1,"-0.50 (-1.11 to 0.12)","Dementia DALY rate",13,FALSE,2,-0.706007393439485,0,"#FFCa85"
"v09","Total processed meats",-0.00321955326723921,0.00545959352432742,-0.0139910066763512,0.00755190014187276,0.556111418186514,740,185,"OK",NA,"dementia_daly","Dementia DALY rate","% difference per 1-SD higher intake",-0.321437606320396,-1.38935874028954,0.758048765779318,"10-year lagged direct food-group association",7,1,"-0.32 (-1.39 to 0.76)","Dementia DALY rate",10,FALSE,2,-0.706007393439485,0,"#FFCa85"
"v10","Unprocessed red meats",0.00146645844189771,0.00348018580513853,-0.00539974122810803,0.00833265811190346,0.673974115753533,740,185,"OK",NA,"dementia_daly","Dementia DALY rate","% difference per 1-SD higher intake",0.146753421787471,-0.538518883028571,0.836747133589122,"10-year lagged direct food-group association",10,1,"0.15 (-0.54 to 0.84)","Dementia DALY rate",3,FALSE,3,0,0.324295883060432,"#e6a481"
"v11","Total seafoods",-0.00461853221708587,0.00390717980614497,-0.0123271656630343,0.00309010122886254,0.238706106605006,740,185,"OK",NA,"dementia_daly","Dementia DALY rate","% difference per 1-SD higher intake",-0.460788319775318,-1.22514974006005,0.309488051322115,"10-year lagged direct food-group association",5,1,"-0.46 (-1.23 to 0.31)","Dementia DALY rate",12,FALSE,2,-0.706007393439485,0,"#FFCa85"
"v12","Eggs",0.00145181718870995,0.00334963575655396,-0.0051568149976324,0.00806044937505229,0.665213450633937,740,185,"OK",NA,"dementia_daly","Dementia DALY rate","% difference per 1-SD higher intake",0.145287158548668,-0.514354145337814,0.809302225565056,"10-year lagged direct food-group association",11,1,"0.15 (-0.51 to 0.81)","Dementia DALY rate",4,FALSE,3,0,0.324295883060432,"#e6a481"
"v13","Cheese",-0.00697436862232878,0.0111514718587964,-0.0289755595598622,0.0150268223152046,0.532469471234175,740,185,"OK",NA,"dementia_daly","Dementia DALY rate","% difference per 1-SD higher intake",-0.695010415603614,-2.85597933973135,1.51402926634645,"10-year lagged direct food-group association",2,1,"-0.70 (-2.86 to 1.51)","Dementia DALY rate",14,FALSE,2,-0.706007393439485,0,"#FFCa85"
"v14","Yoghurt",0.0026683591492838,0.0354826091056269,-0.0673367189049612,0.0726734372035288,0.940135781703873,740,185,"OK",NA,"dementia_daly","Dementia DALY rate","% difference per 1-SD higher intake",0.267192238818748,-6.51196435572539,7.53793006957815,"10-year lagged direct food-group association",9,1,"0.27 (-6.51 to 7.54)","Dementia DALY rate",2,FALSE,3,0,0.324295883060432,"#e6a481"
"v57","Total milk",-0.000233980672274117,0.00375471276551463,-0.00764180571238481,0.00717384436783657,0.950378405311774,740,185,"OK",NA,"dementia_daly","Dementia DALY rate","% difference per 1-SD higher intake",-0.0233953300931455,-0.761268134990489,0.719963803236401,"10-year lagged direct food-group association",15,1,"-0.02 (-0.76 to 0.72)","Dementia DALY rate",8,FALSE,2,-0.706007393439485,0,"#FFCa85"
"v01","Fruits",0.000840592537809271,0.00152734110294817,-0.00217276064625484,0.00385394572187339,0.582737713778339,740,185,"OK",NA,"dementia_prevalence","Dementia prevalence rate","% difference per 1-SD higher intake",0.0840945934730497,-0.217040191047391,0.386138172026285,"10-year lagged direct food-group association",6,2,"0.08 (-0.22 to 0.39)","Dementia prevalence rate",5,FALSE,3,0,0.975286095578245,"#e6a481"
"v02","Non-starchy vegetables",0.00052210131463228,0.00196671422938248,-0.00335810892381046,0.00440231155307502,0.790945513867405,740,185,"OK",NA,"dementia_prevalence","Dementia prevalence rate","% difference per 1-SD higher intake",0.0522237633246769,-0.335247678225048,0.441201596196472,"10-year lagged direct food-group association",10,2,"0.05 (-0.34 to 0.44)","Dementia prevalence rate",7,FALSE,3,0,0.975286095578245,"#e6a481"
"v03","Potatoes",0.00156513167577048,0.000894351632137191,-0.000199370918425078,0.00332963426996604,0.0817821149753455,740,185,"OK",NA,"dementia_prevalence","Dementia prevalence rate","% difference per 1-SD higher intake",0.156635713360265,-0.0199351045364282,0.333518365958851,"10-year lagged direct food-group association",3,2,"0.16 (-0.02 to 0.33)","Dementia prevalence rate",3,FALSE,3,0,0.975286095578245,"#e6a481"
"v04","Other starchy vegetables",-3.86263288527812e-05,0.00160196907465406,-0.00319921606389173,0.00312196340618617,0.98078957436153,740,185,"OK",NA,"dementia_prevalence","Dementia prevalence rate","% difference per 1-SD higher intake",-0.00386255828657145,-0.319410402513853,0.312684180935197,"10-year lagged direct food-group association",15,2,"-0.00 (-0.32 to 0.31)","Dementia prevalence rate",9,FALSE,2,-0.054684572180719,0,"#FFCa85"
"v05","Beans and legumes",-0.000278400075808052,0.000973866462715678,-0.00219978070297313,0.00164298055135702,0.775298585386249,740,185,"OK",NA,"dementia_prevalence","Dementia prevalence rate","% difference per 1-SD higher intake",-0.0278361326103038,-0.219736295856332,0.164433098337957,"10-year lagged direct food-group association",12,2,"-0.03 (-0.22 to 0.16)","Dementia prevalence rate",11,FALSE,2,-0.054684572180719,0,"#FFCa85"
"v06","Nuts and seeds",-0.000528978465674591,0.00100344915180195,-0.00250872397949087,0.00145076704814169,0.598717346849393,740,185,"OK",NA,"dementia_prevalence","Dementia prevalence rate","% difference per 1-SD higher intake",-0.0528838581232427,-0.250557976136301,0.14518199197513,"10-year lagged direct food-group association",9,2,"-0.05 (-0.25 to 0.15)","Dementia prevalence rate",13,FALSE,2,-0.054684572180719,0,"#FFCa85"
"v07","Refined grains",-0.00109428996053634,0.00145850523434137,-0.00397183406865552,0.00178325414758284,0.454043317425925,740,185,"OK",NA,"dementia_prevalence","Dementia prevalence rate","% difference per 1-SD higher intake",-0.109369144361438,-0.396395676828198,0.178484509080512,"10-year lagged direct food-group association",5,2,"-0.11 (-0.40 to 0.18)","Dementia prevalence rate",15,FALSE,1,-0.109369144361438,-0.054684572180719,"#f8e5db"
"v08","Whole grains",-0.000372148717523637,0.000818252321328208,-0.00198651189617626,0.00124221446112899,0.649782617597914,740,185,"OK",NA,"dementia_prevalence","Dementia prevalence rate","% difference per 1-SD higher intake",-0.0372079478778931,-0.198454008730953,0.124298632908815,"10-year lagged direct food-group association",11,2,"-0.04 (-0.20 to 0.12)","Dementia prevalence rate",12,FALSE,2,-0.054684572180719,0,"#FFCa85"
"v09","Total processed meats",0.00014084056200081,0.00133496955193039,-0.00249297498985802,0.00277465611385964,0.916093236285207,740,185,"OK",NA,"dementia_prevalence","Dementia prevalence rate","% difference per 1-SD higher intake",0.01408504804985,-0.248987010837454,0.277850903482091,"10-year lagged direct food-group association",14,2,"0.01 (-0.25 to 0.28)","Dementia prevalence rate",8,FALSE,3,0,0.975286095578245,"#e6a481"
"v10","Unprocessed red meats",-0.00027496765652523,0.000791884830756614,-0.00183730934402809,0.00128737403097763,0.728813961743347,740,185,"OK",NA,"dementia_prevalence","Dementia prevalence rate","% difference per 1-SD higher intake",-0.0274929856383888,-0.183562252444325,0.128820305264088,"10-year lagged direct food-group association",13,2,"-0.03 (-0.18 to 0.13)","Dementia prevalence rate",10,FALSE,2,-0.054684572180719,0,"#FFCa85"
"v11","Total seafoods",-0.000765805415559464,0.000917101127671197,-0.00257519141181297,0.00104358058069404,0.404784663541011,740,185,"OK",NA,"dementia_prevalence","Dementia prevalence rate","% difference per 1-SD higher intake",-0.0765512261429957,-0.25718784508556,0.104412530037812,"10-year lagged direct food-group association",8,2,"-0.08 (-0.26 to 0.10)","Dementia prevalence rate",14,FALSE,1,-0.109369144361438,-0.054684572180719,"#f8e5db"
"v12","Eggs",0.00121435415160744,0.00101351567507295,-0.000785252014091109,0.00321396031730599,0.232395683464414,740,185,"OK",NA,"dementia_prevalence","Dementia prevalence rate","% difference per 1-SD higher intake",0.121509177815993,-0.078494378441285,0.321913062533774,"10-year lagged direct food-group association",4,2,"0.12 (-0.08 to 0.32)","Dementia prevalence rate",4,FALSE,3,0,0.975286095578245,"#e6a481"
"v13","Cheese",0.000815286332756828,0.00328844853532657,-0.00567262710414986,0.00730319976966352,0.804469428880137,740,185,"OK",NA,"dementia_prevalence","Dementia prevalence rate","% difference per 1-SD higher intake",0.0815618768996496,-0.565656813488225,0.732993317327013,"10-year lagged direct food-group association",7,2,"0.08 (-0.57 to 0.73)","Dementia prevalence rate",6,FALSE,3,0,0.975286095578245,"#e6a481"
"v14","Yoghurt",0.0193179234850534,0.00725656146141401,0.00500115917948947,0.0336346877906172,0.00845221936956634,740,185,"OK",NA,"dementia_prevalence","Dementia prevalence rate","% difference per 1-SD higher intake",1.95057219115649,0.501368584997719,3.42067293654502,"10-year lagged direct food-group association",1,2,"1.95 (0.50 to 3.42)","Dementia prevalence rate",1,FALSE,4,0.975286095578245,1.95057219115649,"#ec9565"
"v57","Total milk",0.00280528013267503,0.00170046340380775,-0.000549633057546699,0.00616019332289675,0.10070730791078,740,185,"OK",NA,"dementia_prevalence","Dementia prevalence rate","% difference per 1-SD higher intake",0.280921861297223,-0.0549482036967586,0.617920633501123,"10-year lagged direct food-group association",2,2,"0.28 (-0.05 to 0.62)","Dementia prevalence rate",2,FALSE,3,0,0.975286095578245,"#e6a481"
"v01","Fruits",0.0910603264985222,0.00130760143356945,0.0884950753703638,0.0936255776266806,NA,1295,185,"OK",NA,"ghg","GHG emissions","kg CO2-eq/person/day",0.0910603264985222,0.0884950753703638,0.0936255776266806,"Concurrent food-group footprint contribution",11,3,"0.09 (0.09 to 0.09)","GHG emissions",11,FALSE,2,0.0681030121191099,0.125500284141547,"#f6f2cb"
"v02","Non-starchy vegetables",0.137339289088259,0.00193494641093434,0.133543313238014,0.141135264938504,NA,1295,185,"OK",NA,"ghg","GHG emissions","kg CO2-eq/person/day",0.137339289088259,0.133543313238014,0.141135264938504,"Concurrent food-group footprint contribution",7,3,"0.14 (0.13 to 0.14)","GHG emissions",7,FALSE,3,0.125500284141547,1.56551919230556,"#fee9b2"
"v03","Potatoes",0.026643245065727,0.000882921127084935,0.0249111313197618,0.0283753588116923,NA,1295,185,"OK",NA,"ghg","GHG emissions","kg CO2-eq/person/day",0.026643245065727,0.0249111313197618,0.0283753588116923,"Concurrent food-group footprint contribution",14,3,"0.03 (0.02 to 0.03)","GHG emissions",14,FALSE,1,0.0107057400966728,0.0681030121191099,"#fff9e9"
"v04","Other starchy vegetables",0.0803617073625299,0.00217874256862766,0.0760874524644742,0.0846359622605856,NA,1295,185,"OK",NA,"ghg","GHG emissions","kg CO2-eq/person/day",0.0803617073625299,0.0760874524644742,0.0846359622605856,"Concurrent food-group footprint contribution",12,3,"0.08 (0.08 to 0.08)","GHG emissions",12,FALSE,2,0.0681030121191099,0.125500284141547,"#f6f2cb"
"v05","Beans and legumes",0.0655698775364095,0.00187462815644897,0.061892233974884,0.0692475210979351,NA,1295,185,"OK",NA,"ghg","GHG emissions","kg CO2-eq/person/day",0.0655698775364095,0.061892233974884,0.0692475210979351,"Concurrent food-group footprint contribution",13,3,"0.07 (0.06 to 0.07)","GHG emissions",13,FALSE,1,0.0107057400966728,0.0681030121191099,"#fff9e9"
"v06","Nuts and seeds",0.0107057400966728,0.000481660522876849,0.00976081898540848,0.011650661207937,NA,1295,185,"OK",NA,"ghg","GHG emissions","kg CO2-eq/person/day",0.0107057400966728,0.00976081898540848,0.011650661207937,"Concurrent food-group footprint contribution",15,3,"0.01 (0.01 to 0.01)","GHG emissions",15,FALSE,1,0.0107057400966728,0.0681030121191099,"#fff9e9"
"v07","Refined grains",0.704276280069338,0.0167322025703224,0.671451062523555,0.737101497615121,NA,1295,185,"OK",NA,"ghg","GHG emissions","kg CO2-eq/person/day",0.704276280069338,0.671451062523555,0.737101497615121,"Concurrent food-group footprint contribution",3,3,"0.70 (0.67 to 0.74)","GHG emissions",3,FALSE,3,0.125500284141547,1.56551919230556,"#fee9b2"
"v08","Whole grains",0.119757219866424,0.00237071398646997,0.115106355641129,0.12440808409172,NA,1295,185,"OK",NA,"ghg","GHG emissions","kg CO2-eq/person/day",0.119757219866424,0.115106355641129,0.12440808409172,"Concurrent food-group footprint contribution",9,3,"0.12 (0.12 to 0.12)","GHG emissions",9,FALSE,2,0.0681030121191099,0.125500284141547,"#f6f2cb"
"v09","Total processed meats",0.7501702758141,0.0251898821612836,0.700752791270651,0.799587760357549,NA,1295,185,"OK",NA,"ghg","GHG emissions","kg CO2-eq/person/day",0.7501702758141,0.700752791270651,0.799587760357549,"Concurrent food-group footprint contribution",2,3,"0.75 (0.70 to 0.80)","GHG emissions",2,FALSE,3,0.125500284141547,1.56551919230556,"#fee9b2"
"v10","Unprocessed red meats",3.00553810046957,0.0641804044088256,2.87962905005963,3.13144715087951,NA,1295,185,"OK",NA,"ghg","GHG emissions","kg CO2-eq/person/day",3.00553810046957,2.87962905005963,3.13144715087951,"Concurrent food-group footprint contribution",1,3,"3.01 (2.88 to 3.13)","GHG emissions",1,FALSE,4,1.56551919230556,3.00553810046957,"#fde091"
"v11","Total seafoods",0.567079943513784,0.0114789015268362,0.544560646474354,0.589599240553215,NA,1295,185,"OK",NA,"ghg","GHG emissions","kg CO2-eq/person/day",0.567079943513784,0.544560646474354,0.589599240553215,"Concurrent food-group footprint contribution",4,3,"0.57 (0.54 to 0.59)","GHG emissions",4,FALSE,3,0.125500284141547,1.56551919230556,"#fee9b2"
"v12","Eggs",0.0918204349231959,0.0014532407312145,0.0889694687728626,0.0946714010735291,NA,1295,185,"OK",NA,"ghg","GHG emissions","kg CO2-eq/person/day",0.0918204349231959,0.0889694687728626,0.0946714010735291,"Concurrent food-group footprint contribution",10,3,"0.09 (0.09 to 0.09)","GHG emissions",10,FALSE,2,0.0681030121191099,0.125500284141547,"#f6f2cb"
"v13","Cheese",0.335485830885787,0.0114402409988656,0.313042378029795,0.357929283741779,NA,1295,185,"OK",NA,"ghg","GHG emissions","kg CO2-eq/person/day",0.335485830885787,0.313042378029795,0.357929283741779,"Concurrent food-group footprint contribution",6,3,"0.34 (0.31 to 0.36)","GHG emissions",6,FALSE,3,0.125500284141547,1.56551919230556,"#fee9b2"
"v14","Yoghurt",0.125500284141547,0.00434273931786987,0.116980702678522,0.134019865604573,NA,1295,185,"OK",NA,"ghg","GHG emissions","kg CO2-eq/person/day",0.125500284141547,0.116980702678522,0.134019865604573,"Concurrent food-group footprint contribution",8,3,"0.13 (0.12 to 0.13)","GHG emissions",8,FALSE,3,0.125500284141547,1.56551919230556,"#fee9b2"
"v57","Total milk",0.345570276678684,0.00635551580230152,0.333102032408427,0.358038520948941,NA,1295,185,"OK",NA,"ghg","GHG emissions","kg CO2-eq/person/day",0.345570276678684,0.333102032408427,0.358038520948941,"Concurrent food-group footprint contribution",5,3,"0.35 (0.33 to 0.36)","GHG emissions",5,FALSE,3,0.125500284141547,1.56551919230556,"#fee9b2"
"v01","Fruits",0.125632679487593,0.00174606093315819,0.122207258970585,0.129058100004601,NA,1295,185,"OK",NA,"land","Land use","m2/person/day",0.125632679487593,0.122207258970585,0.129058100004601,"Concurrent food-group footprint contribution",10,4,"0.13 (0.12 to 0.13)","Land use",10,FALSE,1,0.0509696862126951,0.185610198595648,"#fff9e9"
"v02","Non-starchy vegetables",0.076459622012412,0.000982732455077707,0.0745316985073235,0.0783875455175005,NA,1295,185,"OK",NA,"land","Land use","m2/person/day",0.076459622012412,0.0745316985073235,0.0783875455175005,"Concurrent food-group footprint contribution",13,4,"0.08 (0.07 to 0.08)","Land use",13,FALSE,1,0.0509696862126951,0.185610198595648,"#fff9e9"
"v03","Potatoes",0.0509696862126951,0.00168906650398857,0.0476560773073703,0.05428329511802,NA,1295,185,"OK",NA,"land","Land use","m2/person/day",0.0509696862126951,0.0476560773073703,0.05428329511802,"Concurrent food-group footprint contribution",15,4,"0.05 (0.05 to 0.05)","Land use",15,FALSE,1,0.0509696862126951,0.185610198595648,"#fff9e9"
"v04","Other starchy vegetables",0.110192947216802,0.00298751821910308,0.104332037091438,0.116053857342167,NA,1295,185,"OK",NA,"land","Land use","m2/person/day",0.110192947216802,0.104332037091438,0.116053857342167,"Concurrent food-group footprint contribution",12,4,"0.11 (0.10 to 0.12)","Land use",12,FALSE,1,0.0509696862126951,0.185610198595648,"#fff9e9"
"v05","Beans and legumes",0.444853770654954,0.0101288450712168,0.424983012961646,0.464724528348262,NA,1295,185,"OK",NA,"land","Land use","m2/person/day",0.444853770654954,0.424983012961646,0.464724528348262,"Concurrent food-group footprint contribution",6,4,"0.44 (0.42 to 0.46)","Land use",6,FALSE,3,0.3202507109786,5.6313873923449,"#fee9b2"
"v06","Nuts and seeds",0.0728500201542818,0.00284966694039335,0.0672595465236703,0.0784404937848932,NA,1295,185,"OK",NA,"land","Land use","m2/person/day",0.0728500201542818,0.0672595465236703,0.0784404937848932,"Concurrent food-group footprint contribution",14,4,"0.07 (0.07 to 0.08)","Land use",14,FALSE,1,0.0509696862126951,0.185610198595648,"#fff9e9"
"v07","Refined grains",0.895480391961469,0.014938890453629,0.866173292255256,0.924787491667681,NA,1295,185,"OK",NA,"land","Land use","m2/person/day",0.895480391961469,0.866173292255256,0.924787491667681,"Concurrent food-group footprint contribution",5,4,"0.90 (0.87 to 0.92)","Land use",5,FALSE,3,0.3202507109786,5.6313873923449,"#fee9b2"
"v08","Whole grains",0.180952219877806,0.00366877806524171,0.173754814897044,0.188149624858568,NA,1295,185,"OK",NA,"land","Land use","m2/person/day",0.180952219877806,0.173754814897044,0.188149624858568,"Concurrent food-group footprint contribution",9,4,"0.18 (0.17 to 0.19)","Land use",9,FALSE,1,0.0509696862126951,0.185610198595648,"#fff9e9"
"v09","Total processed meats",2.63880824061259,0.114370328165381,2.4144366501401,2.86317983108509,NA,1295,185,"OK",NA,"land","Land use","m2/person/day",2.63880824061259,2.4144366501401,2.86317983108509,"Concurrent food-group footprint contribution",2,4,"2.64 (2.41 to 2.86)","Land use",2,FALSE,3,0.3202507109786,5.6313873923449,"#fee9b2"
"v10","Unprocessed red meats",10.9425240737112,0.239049446964805,10.4735571180554,11.4114910293669,NA,1295,185,"OK",NA,"land","Land use","m2/person/day",10.9425240737112,10.4735571180554,11.4114910293669,"Concurrent food-group footprint contribution",1,4,"10.94 (10.47 to 11.41)","Land use",1,FALSE,4,5.6313873923449,10.9425240737112,"#fde091"
"v11","Total seafoods",0.3202507109786,0.00635548851837171,0.307782520233928,0.332718901723272,NA,1295,185,"OK",NA,"land","Land use","m2/person/day",0.3202507109786,0.307782520233928,0.332718901723272,"Concurrent food-group footprint contribution",8,4,"0.32 (0.31 to 0.33)","Land use",8,FALSE,3,0.3202507109786,5.6313873923449,"#fee9b2"
"v12","Eggs",0.123279256310158,0.00195113905454281,0.119451513748576,0.12710699887174,NA,1295,185,"OK",NA,"land","Land use","m2/person/day",0.123279256310158,0.119451513748576,0.12710699887174,"Concurrent food-group footprint contribution",11,4,"0.12 (0.12 to 0.13)","Land use",11,FALSE,1,0.0509696862126951,0.185610198595648,"#fff9e9"
"v13","Cheese",1.23334594193732,0.0420577369049586,1.15083711755593,1.31585476631871,NA,1295,185,"OK",NA,"land","Land use","m2/person/day",1.23334594193732,1.15083711755593,1.31585476631871,"Concurrent food-group footprint contribution",3,4,"1.23 (1.15 to 1.32)","Land use",3,FALSE,3,0.3202507109786,5.6313873923449,"#fee9b2"
"v14","Yoghurt",0.356580172402174,0.0123388942523604,0.332373742531039,0.380786602273309,NA,1295,185,"OK",NA,"land","Land use","m2/person/day",0.356580172402174,0.332373742531039,0.380786602273309,"Concurrent food-group footprint contribution",7,4,"0.36 (0.33 to 0.38)","Land use",7,FALSE,3,0.3202507109786,5.6313873923449,"#fee9b2"
"v57","Total milk",0.98185840516642,0.0180577353747932,0.946432758747752,1.01728405158509,NA,1295,185,"OK",NA,"land","Land use","m2/person/day",0.98185840516642,0.946432758747752,1.01728405158509,"Concurrent food-group footprint contribution",4,4,"0.98 (0.95 to 1.02)","Land use",4,FALSE,3,0.3202507109786,5.6313873923449,"#fee9b2"
"v01","Fruits",890.820306560739,16.0253461473164,859.381799208148,922.258813913331,NA,1295,185,"OK",NA,"water","Water-scarcity","L-eq/person/day",890.820306560739,859.381799208148,922.258813913331,"Concurrent food-group footprint contribution",8,5,"890.82 (859.38 to 922.26)","Water-scarcity",8,FALSE,3,890.820306560739,5145.60188788372,"#629f6a"
"v02","Non-starchy vegetables",765.673993978073,9.90865820568384,746.235198647847,785.112789308298,NA,1295,185,"OK",NA,"water","Water-scarcity","L-eq/person/day",765.673993978073,746.235198647847,785.112789308298,"Concurrent food-group footprint contribution",11,5,"765.67 (746.24 to 785.11)","Water-scarcity",11,FALSE,2,445.41015328037,890.820306560739,"#c1d69c"
"v03","Potatoes",159.523533826142,5.28639427873332,149.152691045408,169.894376606876,NA,1295,185,"OK",NA,"water","Water-scarcity","L-eq/person/day",159.523533826142,149.152691045408,169.894376606876,"Concurrent food-group footprint contribution",14,5,"159.52 (149.15 to 169.89)","Water-scarcity",14,FALSE,1,0,445.41015328037,"#e3e7b5"
"v04","Other starchy vegetables",0,0,0,0,NA,1295,185,"OK",NA,"water","Water-scarcity","L-eq/person/day",0,0,0,"Concurrent food-group footprint contribution",15,5,"0.00 (0.00 to 0.00)","Water-scarcity",15,FALSE,1,0,445.41015328037,"#e3e7b5"
"v05","Beans and legumes",718.947104412915,17.6045769570435,684.410463705409,753.48374512042,NA,1295,185,"OK",NA,"water","Water-scarcity","L-eq/person/day",718.947104412915,684.410463705409,753.48374512042,"Concurrent food-group footprint contribution",12,5,"718.95 (684.41 to 753.48)","Water-scarcity",12,FALSE,2,445.41015328037,890.820306560739,"#c1d69c"
"v06","Nuts and seeds",1009.7050822277,43.3582243902362,924.64496285449,1094.76520160091,NA,1295,185,"OK",NA,"water","Water-scarcity","L-eq/person/day",1009.7050822277,924.64496285449,1094.76520160091,"Concurrent food-group footprint contribution",7,5,"1009.71 (924.64 to 1094.77)","Water-scarcity",7,FALSE,3,890.820306560739,5145.60188788372,"#629f6a"
"v07","Refined grains",9400.38346920671,203.085496818668,9001.97055342657,9798.79638498685,NA,1295,185,"OK",NA,"water","Water-scarcity","L-eq/person/day",9400.38346920671,9001.97055342657,9798.79638498685,"Concurrent food-group footprint contribution",1,5,"9400.38 (9001.97 to 9798.80)","Water-scarcity",1,FALSE,4,5145.60188788372,9400.38346920671,"#7bb384"
"v08","Whole grains",1694.77973726375,34.0495040085143,1627.98145582363,1761.57801870387,NA,1295,185,"OK",NA,"water","Water-scarcity","L-eq/person/day",1694.77973726375,1627.98145582363,1761.57801870387,"Concurrent food-group footprint contribution",6,5,"1694.78 (1627.98 to 1761.58)","Water-scarcity",6,FALSE,3,890.820306560739,5145.60188788372,"#629f6a"
"v09","Total processed meats",883.120935745056,34.5172076763376,815.405113737355,950.836757752756,NA,1295,185,"OK",NA,"water","Water-scarcity","L-eq/person/day",883.120935745056,815.405113737355,950.836757752756,"Concurrent food-group footprint contribution",9,5,"883.12 (815.41 to 950.84)","Water-scarcity",9,FALSE,2,445.41015328037,890.820306560739,"#c1d69c"
"v10","Unprocessed red meats",3056.4126355765,58.3947974105958,2941.85378293958,3170.97148821342,NA,1295,185,"OK",NA,"water","Water-scarcity","L-eq/person/day",3056.4126355765,2941.85378293958,3170.97148821342,"Concurrent food-group footprint contribution",2,5,"3056.41 (2941.85 to 3170.97)","Water-scarcity",2,FALSE,3,890.820306560739,5145.60188788372,"#629f6a"
"v11","Total seafoods",1828.32358685429,38.0672039793055,1753.64338580314,1903.00378790545,NA,1295,185,"OK",NA,"water","Water-scarcity","L-eq/person/day",1828.32358685429,1753.64338580314,1903.00378790545,"Concurrent food-group footprint contribution",5,5,"1828.32 (1753.64 to 1903.00)","Water-scarcity",5,FALSE,3,890.820306560739,5145.60188788372,"#629f6a"
"v12","Eggs",353.571592097078,5.59597261182248,342.593418865473,364.549765328684,NA,1295,185,"OK",NA,"water","Water-scarcity","L-eq/person/day",353.571592097078,342.593418865473,364.549765328684,"Concurrent food-group footprint contribution",13,5,"353.57 (342.59 to 364.55)","Water-scarcity",13,FALSE,1,0,445.41015328037,"#e3e7b5"
"v13","Cheese",2540.73759661613,86.6404710548342,2370.7664108926,2710.70878233966,NA,1295,185,"OK",NA,"water","Water-scarcity","L-eq/person/day",2540.73759661613,2370.7664108926,2710.70878233966,"Concurrent food-group footprint contribution",3,5,"2540.74 (2370.77 to 2710.71)","Water-scarcity",3,FALSE,3,890.820306560739,5145.60188788372,"#629f6a"
"v14","Yoghurt",788.313102257111,27.2783311000536,734.798500764458,841.827703749764,NA,1295,185,"OK",NA,"water","Water-scarcity","L-eq/person/day",788.313102257111,734.798500764458,841.827703749764,"Concurrent food-group footprint contribution",10,5,"788.31 (734.80 to 841.83)","Water-scarcity",10,FALSE,2,445.41015328037,890.820306560739,"#c1d69c"
"v57","Total milk",2170.65306839601,39.9213150219297,2092.33547423583,2248.9706625562,NA,1295,185,"OK",NA,"water","Water-scarcity","L-eq/person/day",2170.65306839601,2092.33547423583,2248.9706625562,"Concurrent food-group footprint contribution",4,5,"2170.65 (2092.34 to 2248.97)","Water-scarcity",4,FALSE,3,890.820306560739,5145.60188788372,"#629f6a"
"v01","Fruits",0.295797436387829,0.00415886000794375,0.287638589163176,0.303956283612482,NA,1295,185,"OK",NA,"eutrophication","Eutrophication","g PO4-eq/person/day",0.295797436387829,0.287638589163176,0.303956283612482,"Concurrent food-group footprint contribution",12,6,"0.30 (0.29 to 0.30)","Eutrophication",12,FALSE,1,0.0420072561213224,0.300138173562309,"#e3e7b5"
"v02","Non-starchy vegetables",0.558269091003295,0.00754883672970861,0.54345979098264,0.57307839102395,NA,1295,185,"OK",NA,"eutrophication","Eutrophication","g PO4-eq/person/day",0.558269091003295,0.54345979098264,0.57307839102395,"Concurrent food-group footprint contribution",8,6,"0.56 (0.54 to 0.57)","Eutrophication",8,FALSE,3,0.558269091003295,5.13062350178543,"#629f6a"
"v03","Potatoes",0.201561940932022,0.00667949026577299,0.188458123897328,0.214665757966715,NA,1295,185,"OK",NA,"eutrophication","Eutrophication","g PO4-eq/person/day",0.201561940932022,0.188458123897328,0.214665757966715,"Concurrent food-group footprint contribution",13,6,"0.20 (0.19 to 0.21)","Eutrophication",13,FALSE,1,0.0420072561213224,0.300138173562309,"#e3e7b5"
"v04","Other starchy vegetables",0.0420072561213224,0.00113888816087355,0.0397729865155206,0.0442415257271243,NA,1295,185,"OK",NA,"eutrophication","Eutrophication","g PO4-eq/person/day",0.0420072561213224,0.0397729865155206,0.0442415257271243,"Concurrent food-group footprint contribution",15,6,"0.04 (0.04 to 0.04)","Eutrophication",15,FALSE,1,0.0420072561213224,0.300138173562309,"#e3e7b5"
"v05","Beans and legumes",0.496619523435403,0.0111574171408315,0.474730914129033,0.518508132741774,NA,1295,185,"OK",NA,"eutrophication","Eutrophication","g PO4-eq/person/day",0.496619523435403,0.474730914129033,0.518508132741774,"Concurrent food-group footprint contribution",9,6,"0.50 (0.47 to 0.52)","Eutrophication",9,FALSE,2,0.300138173562309,0.558269091003295,"#c1d69c"
"v06","Nuts and seeds",0.109566774543399,0.00427052816378249,0.101188856847125,0.117944692239674,NA,1295,185,"OK",NA,"eutrophication","Eutrophication","g PO4-eq/person/day",0.109566774543399,0.101188856847125,0.117944692239674,"Concurrent food-group footprint contribution",14,6,"0.11 (0.10 to 0.12)","Eutrophication",14,FALSE,1,0.0420072561213224,0.300138173562309,"#e3e7b5"
"v07","Refined grains",4.42837888325199,0.130638147881497,4.1720931010326,4.68466466547137,NA,1295,185,"OK",NA,"eutrophication","Eutrophication","g PO4-eq/person/day",4.42837888325199,4.1720931010326,4.68466466547137,"Concurrent food-group footprint contribution",3,6,"4.43 (4.17 to 4.68)","Eutrophication",3,FALSE,3,0.558269091003295,5.13062350178543,"#629f6a"
"v08","Whole grains",0.683487777721309,0.0157081129124921,0.652671618197827,0.714303937244791,NA,1295,185,"OK",NA,"eutrophication","Eutrophication","g PO4-eq/person/day",0.683487777721309,0.652671618197827,0.714303937244791,"Concurrent food-group footprint contribution",7,6,"0.68 (0.65 to 0.71)","Eutrophication",7,FALSE,3,0.558269091003295,5.13062350178543,"#629f6a"
"v09","Total processed meats",2.56070023149534,0.0792979339820394,2.40513362734076,2.71626683564991,NA,1295,185,"OK",NA,"eutrophication","Eutrophication","g PO4-eq/person/day",2.56070023149534,2.40513362734076,2.71626683564991,"Concurrent food-group footprint contribution",4,6,"2.56 (2.41 to 2.72)","Eutrophication",4,FALSE,3,0.558269091003295,5.13062350178543,"#629f6a"
"v10","Unprocessed red meats",9.70297791256756,0.198367756067228,9.31382025567158,10.0921355694635,NA,1295,185,"OK",NA,"eutrophication","Eutrophication","g PO4-eq/person/day",9.70297791256756,9.31382025567158,10.0921355694635,"Concurrent food-group footprint contribution",1,6,"9.70 (9.31 to 10.09)","Eutrophication",1,FALSE,4,5.13062350178543,9.70297791256756,"#7bb384"
"v11","Total seafoods",9.26744072356701,0.184520617200683,8.90544836925272,9.62943307788129,NA,1295,185,"OK",NA,"eutrophication","Eutrophication","g PO4-eq/person/day",9.26744072356701,8.90544836925272,9.62943307788129,"Concurrent food-group footprint contribution",2,6,"9.27 (8.91 to 9.63)","Eutrophication",2,FALSE,4,5.13062350178543,9.70297791256756,"#7bb384"
"v12","Eggs",0.427839970862686,0.00677141719726499,0.414555811669698,0.441124130055673,NA,1295,185,"OK",NA,"eutrophication","Eutrophication","g PO4-eq/person/day",0.427839970862686,0.414555811669698,0.441124130055673,"Concurrent food-group footprint contribution",10,6,"0.43 (0.41 to 0.44)","Eutrophication",10,FALSE,2,0.300138173562309,0.558269091003295,"#c1d69c"
"v13","Cheese",1.38198246165138,0.0471263193910556,1.28953009743681,1.47443482586595,NA,1295,185,"OK",NA,"eutrophication","Eutrophication","g PO4-eq/person/day",1.38198246165138,1.28953009743681,1.47443482586595,"Concurrent food-group footprint contribution",5,6,"1.38 (1.29 to 1.47)","Eutrophication",5,FALSE,3,0.558269091003295,5.13062350178543,"#629f6a"
"v14","Yoghurt",0.424310484478565,0.0146825948366077,0.395506185246432,0.453114783710698,NA,1295,185,"OK",NA,"eutrophication","Eutrophication","g PO4-eq/person/day",0.424310484478565,0.395506185246432,0.453114783710698,"Concurrent food-group footprint contribution",11,6,"0.42 (0.40 to 0.45)","Eutrophication",11,FALSE,2,0.300138173562309,0.558269091003295,"#c1d69c"
"v57","Total milk",1.16835664972317,0.0214876962839718,1.12620210957135,1.21051118987499,NA,1295,185,"OK",NA,"eutrophication","Eutrophication","g PO4-eq/person/day",1.16835664972317,1.12620210957135,1.21051118987499,"Concurrent food-group footprint contribution",6,6,"1.17 (1.13 to 1.21)","Eutrophication",6,FALSE,3,0.558269091003295,5.13062350178543,"#629f6a"
