model_spec,model_label,lag_years,analysis_type,n_available_before_complete_case,n_complete_case,n_countries,n_outcome_years,complete_panel,adjustment_variables,fit_status
M0,Model 0,0,Lag sensitivity,1295,1295,185,7,TRUE,None,SUCCESS
M1,Model 1,0,Lag sensitivity,1295,1295,185,7,TRUE,x_sdi,SUCCESS
M0,Model 0,5,Lag sensitivity,925,925,185,5,TRUE,None,SUCCESS
M1,Model 1,5,Lag sensitivity,925,925,185,5,TRUE,x_sdi,SUCCESS
M0,Model 0,10,Primary 10-year lag,740,740,185,4,TRUE,None,SUCCESS
M1,Model 1,10,Primary 10-year lag,740,740,185,4,TRUE,x_sdi,SUCCESS
M0,Model 0,15,Lag sensitivity,555,555,185,3,TRUE,None,SUCCESS
M1,Model 1,15,Lag sensitivity,555,555,185,3,TRUE,x_sdi,SUCCESS
M2,Model 2,10,10-year covariate extension,740,653,181,4,FALSE,x_sdi; x_mean_years_schooling,SUCCESS
M3,Model 3,10,10-year covariate extension,740,312,159,2,FALSE,x_sdi; x_mean_years_schooling; x_smoking_prevalence; x_adult_obesity; x_hypertension; x_diabetes_prevalence_60plus; x_insufficient_physical_activity,SUCCESS
M4,Model 4,10,10-year covariate extension,740,312,159,2,FALSE,x_sdi; x_mean_years_schooling; x_smoking_prevalence; x_adult_obesity; x_hypertension; x_diabetes_prevalence_60plus; x_insufficient_physical_activity; x_pm25; x_uhc_service_coverage,SUCCESS
M5,Model 5,10,10-year covariate extension,740,312,159,2,FALSE,x_sdi; x_mean_years_schooling; x_smoking_prevalence; x_adult_obesity; x_hypertension; x_diabetes_prevalence_60plus; x_insufficient_physical_activity; x_pm25; x_uhc_service_coverage; x_competitive_mortality_rate_60plus,SUCCESS
