year,variable,n_rows,n_observed,n_missing,observed_percent
1990,diet_mphdi_score,185,185,0,100
1995,diet_mphdi_score,185,185,0,100
2000,diet_mphdi_score,185,185,0,100
2005,diet_mphdi_score,185,185,0,100
2010,diet_mphdi_score,185,185,0,100
2015,diet_mphdi_score,185,185,0,100
2018,diet_mphdi_score,185,185,0,100
1990,diet_med_score,185,185,0,100
1995,diet_med_score,185,185,0,100
2000,diet_med_score,185,185,0,100
2005,diet_med_score,185,185,0,100
2010,diet_med_score,185,185,0,100
2015,diet_med_score,185,185,0,100
2018,diet_med_score,185,185,0,100
1990,diet_dash_score,185,185,0,100
1995,diet_dash_score,185,185,0,100
2000,diet_dash_score,185,185,0,100
2005,diet_dash_score,185,185,0,100
2010,diet_dash_score,185,185,0,100
2015,diet_dash_score,185,185,0,100
2018,diet_dash_score,185,185,0,100
1990,diet_ahei_score,185,185,0,100
1995,diet_ahei_score,185,185,0,100
2000,diet_ahei_score,185,185,0,100
2005,diet_ahei_score,185,185,0,100
2010,diet_ahei_score,185,185,0,100
2015,diet_ahei_score,185,185,0,100
2018,diet_ahei_score,185,185,0,100
1990,dementia_daly_asr60plus,185,185,0,100
1995,dementia_daly_asr60plus,185,185,0,100
2000,dementia_daly_asr60plus,185,185,0,100
2005,dementia_daly_asr60plus,185,185,0,100
2010,dementia_daly_asr60plus,185,185,0,100
2015,dementia_daly_asr60plus,185,185,0,100
2018,dementia_daly_asr60plus,185,185,0,100
1990,dementia_prevalence_asr60plus,185,185,0,100
1995,dementia_prevalence_asr60plus,185,185,0,100
2000,dementia_prevalence_asr60plus,185,185,0,100
2005,dementia_prevalence_asr60plus,185,185,0,100
2010,dementia_prevalence_asr60plus,185,185,0,100
2015,dementia_prevalence_asr60plus,185,185,0,100
2018,dementia_prevalence_asr60plus,185,185,0,100
1990,sdi,185,185,0,100
1995,sdi,185,185,0,100
2000,sdi,185,185,0,100
2005,sdi,185,185,0,100
2010,sdi,185,185,0,100
2015,sdi,185,185,0,100
2018,sdi,185,185,0,100
1990,mean_years_schooling,185,148,37,80
1995,mean_years_schooling,185,152,33,82.1621621621622
2000,mean_years_schooling,185,172,13,92.972972972973
2005,mean_years_schooling,185,181,4,97.8378378378378
2010,mean_years_schooling,185,183,2,98.9189189189189
2015,mean_years_schooling,185,184,1,99.4594594594595
2018,mean_years_schooling,185,184,1,99.4594594594595
1990,smoking_prevalence,185,0,185,0
1995,smoking_prevalence,185,0,185,0
2000,smoking_prevalence,185,161,24,87.027027027027
2005,smoking_prevalence,185,161,24,87.027027027027
2010,smoking_prevalence,185,161,24,87.027027027027
2015,smoking_prevalence,185,161,24,87.027027027027
2018,smoking_prevalence,185,0,185,0
1990,adult_obesity,185,184,1,99.4594594594595
1995,adult_obesity,185,184,1,99.4594594594595
2000,adult_obesity,185,184,1,99.4594594594595
2005,adult_obesity,185,184,1,99.4594594594595
2010,adult_obesity,185,184,1,99.4594594594595
2015,adult_obesity,185,184,1,99.4594594594595
2018,adult_obesity,185,184,1,99.4594594594595
1990,hypertension,185,184,1,99.4594594594595
1995,hypertension,185,184,1,99.4594594594595
2000,hypertension,185,184,1,99.4594594594595
2005,hypertension,185,184,1,99.4594594594595
2010,hypertension,185,184,1,99.4594594594595
2015,hypertension,185,184,1,99.4594594594595
2018,hypertension,185,184,1,99.4594594594595
1990,diabetes_prevalence_60plus,185,185,0,100
1995,diabetes_prevalence_60plus,185,185,0,100
2000,diabetes_prevalence_60plus,185,185,0,100
2005,diabetes_prevalence_60plus,185,185,0,100
2010,diabetes_prevalence_60plus,185,185,0,100
2015,diabetes_prevalence_60plus,185,185,0,100
2018,diabetes_prevalence_60plus,185,185,0,100
1990,insufficient_physical_activity,185,0,185,0
1995,insufficient_physical_activity,185,0,185,0
2000,insufficient_physical_activity,185,184,1,99.4594594594595
2005,insufficient_physical_activity,185,184,1,99.4594594594595
2010,insufficient_physical_activity,185,184,1,99.4594594594595
2015,insufficient_physical_activity,185,184,1,99.4594594594595
2018,insufficient_physical_activity,185,184,1,99.4594594594595
1990,pm25,185,184,1,99.4594594594595
1995,pm25,185,184,1,99.4594594594595
2000,pm25,185,184,1,99.4594594594595
2005,pm25,185,184,1,99.4594594594595
2010,pm25,185,184,1,99.4594594594595
2015,pm25,185,184,1,99.4594594594595
2018,pm25,185,184,1,99.4594594594595
1990,uhc_service_coverage,185,0,185,0
1995,uhc_service_coverage,185,0,185,0
2000,uhc_service_coverage,185,184,1,99.4594594594595
2005,uhc_service_coverage,185,184,1,99.4594594594595
2010,uhc_service_coverage,185,184,1,99.4594594594595
2015,uhc_service_coverage,185,184,1,99.4594594594595
2018,uhc_service_coverage,185,184,1,99.4594594594595
1990,competitive_mortality_rate_60plus,185,185,0,100
1995,competitive_mortality_rate_60plus,185,185,0,100
2000,competitive_mortality_rate_60plus,185,185,0,100
2005,competitive_mortality_rate_60plus,185,185,0,100
2010,competitive_mortality_rate_60plus,185,185,0,100
2015,competitive_mortality_rate_60plus,185,185,0,100
2018,competitive_mortality_rate_60plus,185,185,0,100
