variable,n_rows,n_missing,missing_percent,n_countries_with_data,observed_years
diet_mphdi_score,1295,0,0,185,"1990, 1995, 2000, 2005, 2010, 2015, 2018"
diet_med_score,1295,0,0,185,"1990, 1995, 2000, 2005, 2010, 2015, 2018"
diet_dash_score,1295,0,0,185,"1990, 1995, 2000, 2005, 2010, 2015, 2018"
diet_ahei_score,1295,0,0,185,"1990, 1995, 2000, 2005, 2010, 2015, 2018"
dementia_daly_asr60plus,1295,0,0,185,"1990, 1995, 2000, 2005, 2010, 2015, 2018"
dementia_prevalence_asr60plus,1295,0,0,185,"1990, 1995, 2000, 2005, 2010, 2015, 2018"
sdi,1295,0,0,185,"1990, 1995, 2000, 2005, 2010, 2015, 2018"
mean_years_schooling,1295,91,7.02702702702703,184,"1990, 1995, 2000, 2005, 2010, 2015, 2018"
smoking_prevalence,1295,651,50.2702702702703,161,"2000, 2005, 2010, 2015"
adult_obesity,1295,7,0.540540540540541,184,"1990, 1995, 2000, 2005, 2010, 2015, 2018"
hypertension,1295,7,0.540540540540541,184,"1990, 1995, 2000, 2005, 2010, 2015, 2018"
diabetes_prevalence_60plus,1295,0,0,185,"1990, 1995, 2000, 2005, 2010, 2015, 2018"
insufficient_physical_activity,1295,375,28.957528957529,184,"2000, 2005, 2010, 2015, 2018"
pm25,1295,7,0.540540540540541,184,"1990, 1995, 2000, 2005, 2010, 2015, 2018"
uhc_service_coverage,1295,375,28.957528957529,184,"2000, 2005, 2010, 2015, 2018"
competitive_mortality_rate_60plus,1295,0,0,185,"1990, 1995, 2000, 2005, 2010, 2015, 2018"
