model_id,model_spec,model_label,model_role,analysis_type,diet_variable,diet_label,score_increment,outcome_code,outcome_label,lag_years,exposure_years,outcome_years,weighting,fixed_effects,clustered_by,complete_case,primary_model,exposure_term,beta,standard_error,p_value,beta_lower_95,beta_upper_95,percent_difference,percent_difference_lower_95,percent_difference_upper_95,observations,countries,within_r_squared,q_value_bh,fdr_family
H_daly_diet_mphdi_score_M0_lag0,M0,Model 0,Basic FE model,Lag sensitivity,diet_mphdi_score,mPHDI,10,daly,Dementia DALY rate,0,"1990, 1995, 2000, 2005, 2010, 2015, 2018","1990, 1995, 2000, 2005, 2010, 2015, 2018",Unweighted,Country and outcome year,Country,TRUE,FALSE,x_diet_mphdi_score_per_increment,-0.0073626393732762,0.00612079201917825,0.230564425531239,-0.0194385980994462,0.0047133193528938,-0.73356015413012,-1.9250886800586,0.472444451450071,1295,185,0.00459701276683788,0.601261770273165,M0_lag0_daly_Unweighted
H_prevalence_diet_mphdi_score_M0_lag0,M0,Model 0,Basic FE model,Lag sensitivity,diet_mphdi_score,mPHDI,10,prevalence,Dementia prevalence rate,0,"1990, 1995, 2000, 2005, 2010, 2015, 2018","1990, 1995, 2000, 2005, 2010, 2015, 2018",Unweighted,Country and outcome year,Country,TRUE,FALSE,x_diet_mphdi_score_per_increment,-3.88989587845831e-05,0.00184743391361259,0.983224062799452,-0.00368377622633589,0.00360597830876673,-0.00388982022299089,-0.367699944662692,0.361248767040223,1295,185,7.16541382450586e-07,0.983224062799452,M0_lag0_prevalence_Unweighted
H_daly_diet_med_score_M0_lag0,M0,Model 0,Basic FE model,Lag sensitivity,diet_med_score,MED,1,daly,Dementia DALY rate,0,"1990, 1995, 2000, 2005, 2010, 2015, 2018","1990, 1995, 2000, 2005, 2010, 2015, 2018",Unweighted,Country and outcome year,Country,TRUE,FALSE,x_diet_med_score_per_increment,0.00367987993602649,0.00354515412039374,0.300630885136583,-0.003314498357117,0.01067425822917,0.36866590070368,-0.330901147120277,1.07314313694145,1295,185,0.00398371632042893,0.601261770273165,M0_lag0_daly_Unweighted
H_prevalence_diet_med_score_M0_lag0,M0,Model 0,Basic FE model,Lag sensitivity,diet_med_score,MED,1,prevalence,Dementia prevalence rate,0,"1990, 1995, 2000, 2005, 2010, 2015, 2018","1990, 1995, 2000, 2005, 2010, 2015, 2018",Unweighted,Country and outcome year,Country,TRUE,FALSE,x_diet_med_score_per_increment,-0.000324554213282592,0.00108545796288763,0.765275878653568,-0.00246609823532295,0.00181698980875777,-0.0324501551261291,-0.24630599131833,0.181864153497879,1295,185,0.000173042300652737,0.983224062799452,M0_lag0_prevalence_Unweighted
H_daly_diet_dash_score_M0_lag0,M0,Model 0,Basic FE model,Lag sensitivity,diet_dash_score,DASH,5,daly,Dementia DALY rate,0,"1990, 1995, 2000, 2005, 2010, 2015, 2018","1990, 1995, 2000, 2005, 2010, 2015, 2018",Unweighted,Country and outcome year,Country,TRUE,FALSE,x_diet_dash_score_per_increment,0.00150520320237003,0.00779851722989819,0.847162872866169,-0.0138808076110181,0.0168912140157581,0.150633658929822,-1.3784913410132,1.70346771886638,1295,185,0.00012427883449273,0.847162872866169,M0_lag0_daly_Unweighted
H_prevalence_diet_dash_score_M0_lag0,M0,Model 0,Basic FE model,Lag sensitivity,diet_dash_score,DASH,5,prevalence,Dementia prevalence rate,0,"1990, 1995, 2000, 2005, 2010, 2015, 2018","1990, 1995, 2000, 2005, 2010, 2015, 2018",Unweighted,Country and outcome year,Country,TRUE,FALSE,x_diet_dash_score_per_increment,0.00169780634429251,0.00219837347713225,0.440926927898798,-0.00263945381605518,0.0060350665046402,0.169924843349789,-0.263597352053147,0.605331420873134,1295,185,0.000882957662484585,0.881853855797596,M0_lag0_prevalence_Unweighted
H_daly_diet_ahei_score_M0_lag0,M0,Model 0,Basic FE model,Lag sensitivity,diet_ahei_score,AHEI,10,daly,Dementia DALY rate,0,"1990, 1995, 2000, 2005, 2010, 2015, 2018","1990, 1995, 2000, 2005, 2010, 2015, 2018",Unweighted,Country and outcome year,Country,TRUE,FALSE,x_diet_ahei_score_per_increment,-0.00414952647536514,0.00631014357184274,0.511619430704258,-0.0165990645565513,0.00830001160582099,-0.414092908618924,-1.64620591855608,0.833455219845525,1295,185,0.00134209586483158,0.682159240939011,M0_lag0_daly_Unweighted
H_prevalence_diet_ahei_score_M0_lag0,M0,Model 0,Basic FE model,Lag sensitivity,diet_ahei_score,AHEI,10,prevalence,Dementia prevalence rate,0,"1990, 1995, 2000, 2005, 2010, 2015, 2018","1990, 1995, 2000, 2005, 2010, 2015, 2018",Unweighted,Country and outcome year,Country,TRUE,FALSE,x_diet_ahei_score_per_increment,0.00182326845646877,0.00186017156221835,0.328293418611399,-0.00184673943443156,0.00549327634736909,0.182493162104591,-0.184503526037882,0.550839205546239,1295,185,0.00144691949004661,0.881853855797596,M0_lag0_prevalence_Unweighted
H_daly_diet_mphdi_score_M1_lag0,M1,Model 1,Primary prespecified model,Lag sensitivity,diet_mphdi_score,mPHDI,10,daly,Dementia DALY rate,0,"1990, 1995, 2000, 2005, 2010, 2015, 2018","1990, 1995, 2000, 2005, 2010, 2015, 2018",Unweighted,Country and outcome year,Country,TRUE,FALSE,x_diet_mphdi_score_per_increment,-0.00759782422664737,0.0054939282548433,0.168356341213375,-0.0184370180176061,0.00324136956431139,-0.756903372136697,-1.8268095933803,0.324662848313562,1295,185,0.127962069672663,0.628150411295061,M1_lag0_daly_Unweighted
H_prevalence_diet_mphdi_score_M1_lag0,M1,Model 1,Primary prespecified model,Lag sensitivity,diet_mphdi_score,mPHDI,10,prevalence,Dementia prevalence rate,0,"1990, 1995, 2000, 2005, 2010, 2015, 2018","1990, 1995, 2000, 2005, 2010, 2015, 2018",Unweighted,Country and outcome year,Country,TRUE,FALSE,x_diet_mphdi_score_per_increment,-3.27196389611525e-05,0.00185066974516968,0.985913379313154,-0.00368398100977979,0.00361854173185749,-0.00327191036796348,-0.367720347706135,0.362509655790921,1295,185,0.000476283293914692,0.985913379313154,M1_lag0_prevalence_Unweighted
H_daly_diet_med_score_M1_lag0,M1,Model 1,Primary prespecified model,Lag sensitivity,diet_med_score,MED,1,daly,Dementia DALY rate,0,"1990, 1995, 2000, 2005, 2010, 2015, 2018","1990, 1995, 2000, 2005, 2010, 2015, 2018",Unweighted,Country and outcome year,Country,TRUE,FALSE,x_diet_med_score_per_increment,0.00222521258918633,0.00321863726297767,0.490215460848871,-0.00412496735818743,0.00857539253656008,0.222769021212499,-0.411647136624538,0.861226654279834,1295,185,0.124516062835635,0.653620614465161,M1_lag0_daly_Unweighted
H_prevalence_diet_med_score_M1_lag0,M1,Model 1,Primary prespecified model,Lag sensitivity,diet_med_score,MED,1,prevalence,Dementia prevalence rate,0,"1990, 1995, 2000, 2005, 2010, 2015, 2018","1990, 1995, 2000, 2005, 2010, 2015, 2018",Unweighted,Country and outcome year,Country,TRUE,FALSE,x_diet_med_score_per_increment,-0.000287455278812167,0.00108625247853038,0.791590499715086,-0.00243056683297568,0.00185565627535135,-0.0287413967501982,-0.242761539711589,0.185737907093153,1295,185,0.000610822157235624,0.985913379313154,M1_lag0_prevalence_Unweighted
H_daly_diet_dash_score_M1_lag0,M1,Model 1,Primary prespecified model,Lag sensitivity,diet_dash_score,DASH,5,daly,Dementia DALY rate,0,"1990, 1995, 2000, 2005, 2010, 2015, 2018","1990, 1995, 2000, 2005, 2010, 2015, 2018",Unweighted,Country and outcome year,Country,TRUE,FALSE,x_diet_dash_score_per_increment,-0.000626758170735383,0.0065553047941927,0.9239337077304,-0.0135599847669175,0.0123064684254467,-0.0626561798861114,-1.34684623215025,1.23825046001205,1295,185,0.123088371999786,0.9239337077304,M1_lag0_daly_Unweighted
H_prevalence_diet_dash_score_M1_lag0,M1,Model 1,Primary prespecified model,Lag sensitivity,diet_dash_score,DASH,5,prevalence,Dementia prevalence rate,0,"1990, 1995, 2000, 2005, 2010, 2015, 2018","1990, 1995, 2000, 2005, 2010, 2015, 2018",Unweighted,Country and outcome year,Country,TRUE,FALSE,x_diet_dash_score_per_increment,0.00175742515305165,0.00217498890074711,0.420124951079599,-0.00253369862847919,0.0060485489345825,0.175897032968075,-0.253049152329365,0.606687834349695,1295,185,0.00141991886450998,0.840249902159198,M1_lag0_prevalence_Unweighted
H_daly_diet_ahei_score_M1_lag0,M1,Model 1,Primary prespecified model,Lag sensitivity,diet_ahei_score,AHEI,10,daly,Dementia DALY rate,0,"1990, 1995, 2000, 2005, 2010, 2015, 2018","1990, 1995, 2000, 2005, 2010, 2015, 2018",Unweighted,Country and outcome year,Country,TRUE,FALSE,x_diet_ahei_score_per_increment,-0.00556274542055507,0.00551056369861513,0.314075205647531,-0.0164347599529719,0.00530926911186177,-0.554730200145404,-1.63004460975663,0.532338825750145,1295,185,0.125475777421537,0.628150411295061,M1_lag0_daly_Unweighted
H_prevalence_diet_ahei_score_M1_lag0,M1,Model 1,Primary prespecified model,Lag sensitivity,diet_ahei_score,AHEI,10,prevalence,Dementia prevalence rate,0,"1990, 1995, 2000, 2005, 2010, 2015, 2018","1990, 1995, 2000, 2005, 2010, 2015, 2018",Unweighted,Country and outcome year,Country,TRUE,FALSE,x_diet_ahei_score_per_increment,0.00186260251241932,0.00184010524372428,0.312759182425482,-0.00176781572518755,0.0054930207500262,0.18643382339647,-0.176625405934983,0.550813505022196,1295,185,0.00198390784503155,0.840249902159198,M1_lag0_prevalence_Unweighted
H_daly_diet_mphdi_score_M0_lag5,M0,Model 0,Basic FE model,Lag sensitivity,diet_mphdi_score,mPHDI,10,daly,Dementia DALY rate,5,"1990, 1995, 2000, 2005, 2010","1995, 2000, 2005, 2010, 2015",Unweighted,Country and outcome year,Country,TRUE,FALSE,x_diet_mphdi_score_per_increment,-0.0118822852843438,0.00515169423798905,0.0221979345974499,-0.022046271708466,-0.00171829886022156,-1.18119697113399,-2.18050287485312,-0.171682342993273,925,185,0.0148495452594802,0.0887917383897997,M0_lag5_daly_Unweighted
H_prevalence_diet_mphdi_score_M0_lag5,M0,Model 0,Basic FE model,Lag sensitivity,diet_mphdi_score,mPHDI,10,prevalence,Dementia prevalence rate,5,"1990, 1995, 2000, 2005, 2010","1995, 2000, 2005, 2010, 2015",Unweighted,Country and outcome year,Country,TRUE,FALSE,x_diet_mphdi_score_per_increment,-0.00100674114687868,0.00153307865518781,0.51220754994136,-0.00403141418037047,0.0020179318866131,-0.100623455302751,-0.402329893918574,0.201996928137338,925,185,0.000591994065524792,0.984727363350146,M0_lag5_prevalence_Unweighted
H_daly_diet_med_score_M0_lag5,M0,Model 0,Basic FE model,Lag sensitivity,diet_med_score,MED,1,daly,Dementia DALY rate,5,"1990, 1995, 2000, 2005, 2010","1995, 2000, 2005, 2010, 2015",Unweighted,Country and outcome year,Country,TRUE,FALSE,x_diet_med_score_per_increment,0.00296674898378794,0.00230913967257454,0.200482322745179,-0.00158904629427405,0.00752254426184994,0.297115413880689,-0.158778442868746,0.755090968003014,925,185,0.00340599599941971,0.267309763660238,M0_lag5_daly_Unweighted
H_prevalence_diet_med_score_M0_lag5,M0,Model 0,Basic FE model,Lag sensitivity,diet_med_score,MED,1,prevalence,Dementia prevalence rate,5,"1990, 1995, 2000, 2005, 2010","1995, 2000, 2005, 2010, 2015",Unweighted,Country and outcome year,Country,TRUE,FALSE,x_diet_med_score_per_increment,-0.000748901870923498,0.000923920831158139,0.418660192535448,-0.00257174273667346,0.00107393899482647,-0.074862151390831,-0.256843863935796,0.107451587380125,925,185,0.00120531585926909,0.984727363350146,M0_lag5_prevalence_Unweighted
H_daly_diet_dash_score_M0_lag5,M0,Model 0,Basic FE model,Lag sensitivity,diet_dash_score,DASH,5,daly,Dementia DALY rate,5,"1990, 1995, 2000, 2005, 2010","1995, 2000, 2005, 2010, 2015",Unweighted,Country and outcome year,Country,TRUE,FALSE,x_diet_dash_score_per_increment,0.000891498928960217,0.00572010763334286,0.876319334493207,-0.0103939333276927,0.0121769311856132,0.0891896432246186,-1.0340103066826,1.22513718582891,925,185,5.556461605849e-05,0.876319334493207,M0_lag5_daly_Unweighted
H_prevalence_diet_dash_score_M0_lag5,M0,Model 0,Basic FE model,Lag sensitivity,diet_dash_score,DASH,5,prevalence,Dementia prevalence rate,5,"1990, 1995, 2000, 2005, 2010","1995, 2000, 2005, 2010, 2015",Unweighted,Country and outcome year,Country,TRUE,FALSE,x_diet_dash_score_per_increment,0.000185679464925958,0.00173880782989337,0.915075488818228,-0.00324488499809472,0.00361624392794664,0.0185696704424698,-0.323962604853589,0.362279042688685,925,185,1.33860649833562e-05,0.984727363350146,M0_lag5_prevalence_Unweighted
H_daly_diet_ahei_score_M0_lag5,M0,Model 0,Basic FE model,Lag sensitivity,diet_ahei_score,AHEI,10,daly,Dementia DALY rate,5,"1990, 1995, 2000, 2005, 2010","1995, 2000, 2005, 2010, 2015",Unweighted,Country and outcome year,Country,TRUE,FALSE,x_diet_ahei_score_per_increment,-0.00852871156491704,0.00544288515297073,0.118845280890238,-0.0192672003507821,0.00220977722094802,-0.849244527923687,-1.90827742039306,0.221222057805792,925,185,0.00727909749253652,0.237690561780475,M0_lag5_daly_Unweighted
H_prevalence_diet_ahei_score_M0_lag5,M0,Model 0,Basic FE model,Lag sensitivity,diet_ahei_score,AHEI,10,prevalence,Dementia prevalence rate,5,"1990, 1995, 2000, 2005, 2010","1995, 2000, 2005, 2010, 2015",Unweighted,Country and outcome year,Country,TRUE,FALSE,x_diet_ahei_score_per_increment,-3.22581362554472e-05,0.00168286199641108,0.984727363350146,-0.00335244479622116,0.00328792852371027,-0.00322576159673682,-0.334683162753002,0.329333968958245,925,185,5.78306050158517e-07,0.984727363350146,M0_lag5_prevalence_Unweighted
H_daly_diet_mphdi_score_M1_lag5,M1,Model 1,Primary prespecified model,Lag sensitivity,diet_mphdi_score,mPHDI,10,daly,Dementia DALY rate,5,"1990, 1995, 2000, 2005, 2010","1995, 2000, 2005, 2010, 2015",Unweighted,Country and outcome year,Country,TRUE,FALSE,x_diet_mphdi_score_per_increment,-0.0126535027808944,0.00508453511088301,0.0137121990649011,-0.0226849882403577,-0.00262201732143119,-1.25737838102402,-2.24296185589301,-0.261858283642979,925,185,0.055648336000592,0.0548487962596043,M1_lag5_daly_Unweighted
H_prevalence_diet_mphdi_score_M1_lag5,M1,Model 1,Primary prespecified model,Lag sensitivity,diet_mphdi_score,mPHDI,10,prevalence,Dementia prevalence rate,5,"1990, 1995, 2000, 2005, 2010","1995, 2000, 2005, 2010, 2015",Unweighted,Country and outcome year,Country,TRUE,FALSE,x_diet_mphdi_score_per_increment,-0.00107064753899598,0.00153450195058327,0.486235145447944,-0.00409812864967727,0.00195683357168531,-0.107007460040964,-0.408974277983154,0.195874941996044,925,185,0.0021477829126878,0.972470290895888,M1_lag5_prevalence_Unweighted
H_daly_diet_med_score_M1_lag5,M1,Model 1,Primary prespecified model,Lag sensitivity,diet_med_score,MED,1,daly,Dementia DALY rate,5,"1990, 1995, 2000, 2005, 2010","1995, 2000, 2005, 2010, 2015",Unweighted,Country and outcome year,Country,TRUE,FALSE,x_diet_med_score_per_increment,0.00192632763767753,0.00222631075263507,0.388025276762724,-0.00246605110615356,0.00631870638150862,0.19281841986849,-0.246301290009476,0.633871152001242,925,185,0.0402542226029157,0.517367035683632,M1_lag5_daly_Unweighted
H_prevalence_diet_med_score_M1_lag5,M1,Model 1,Primary prespecified model,Lag sensitivity,diet_med_score,MED,1,prevalence,Dementia prevalence rate,5,"1990, 1995, 2000, 2005, 2010","1995, 2000, 2005, 2010, 2015",Unweighted,Country and outcome year,Country,TRUE,FALSE,x_diet_med_score_per_increment,-0.000846375467573418,0.000936477275189612,0.367290388283464,-0.00269398945082132,0.00100123851567448,-0.0846017392886367,-0.269036391768751,0.100173992228569,925,185,0.00300145748132064,0.972470290895888,M1_lag5_prevalence_Unweighted
H_daly_diet_dash_score_M1_lag5,M1,Model 1,Primary prespecified model,Lag sensitivity,diet_dash_score,DASH,5,daly,Dementia DALY rate,5,"1990, 1995, 2000, 2005, 2010","1995, 2000, 2005, 2010, 2015",Unweighted,Country and outcome year,Country,TRUE,FALSE,x_diet_dash_score_per_increment,-0.000657095879121817,0.00553253709272263,0.905587650297728,-0.0115724626116272,0.0102582708533836,-0.0656880038903185,-1.15057592216226,1.03110672927906,925,185,0.0388644582436867,0.905587650297728,M1_lag5_daly_Unweighted
H_prevalence_diet_dash_score_M1_lag5,M1,Model 1,Primary prespecified model,Lag sensitivity,diet_dash_score,DASH,5,prevalence,Dementia prevalence rate,5,"1990, 1995, 2000, 2005, 2010","1995, 2000, 2005, 2010, 2015",Unweighted,Country and outcome year,Country,TRUE,FALSE,x_diet_dash_score_per_increment,5.79092099883723e-05,0.00170882044260748,0.97300286807147,-0.00331349192089565,0.0034293103408724,0.00579108867591049,-0.330800836478573,0.343519715289098,925,185,0.00148056707673949,0.97300286807147,M1_lag5_prevalence_Unweighted
H_daly_diet_ahei_score_M1_lag5,M1,Model 1,Primary prespecified model,Lag sensitivity,diet_ahei_score,AHEI,10,daly,Dementia DALY rate,5,"1990, 1995, 2000, 2005, 2010","1995, 2000, 2005, 2010, 2015",Unweighted,Country and outcome year,Country,TRUE,FALSE,x_diet_ahei_score_per_increment,-0.00979493135197117,0.005435417100223,0.0731732656078598,-0.0205186861137975,0.000928823409855183,-0.974711725116351,-2.03096103026311,0.0929254899900922,925,185,0.0483980180709894,0.14634653121572,M1_lag5_daly_Unweighted
H_prevalence_diet_ahei_score_M1_lag5,M1,Model 1,Primary prespecified model,Lag sensitivity,diet_ahei_score,AHEI,10,prevalence,Dementia prevalence rate,5,"1990, 1995, 2000, 2005, 2010","1995, 2000, 2005, 2010, 2015",Unweighted,Country and outcome year,Country,TRUE,FALSE,x_diet_ahei_score_per_increment,-0.000134495228037929,0.00167883172314863,0.936234931586656,-0.00344673039848726,0.0031777399424114,-0.013448618396017,-0.34407972418885,0.318279431038637,925,185,0.00148928451165398,0.97300286807147,M1_lag5_prevalence_Unweighted
H_daly_diet_mphdi_score_M0_lag10,M0,Model 0,Basic FE model,Primary 10-year lag,diet_mphdi_score,mPHDI,10,daly,Dementia DALY rate,10,"1990, 1995, 2000, 2005","2000, 2005, 2010, 2015",Unweighted,Country and outcome year,Country,TRUE,FALSE,x_diet_mphdi_score_per_increment,-0.013093786533718,0.0048654608564107,0.00777628145724935,-0.0226930515147391,-0.00349452155269685,-1.30084358382061,-2.24375009453639,-0.34884228183768,740,185,0.018889587988887,0.0311051258289974,M0_lag10_daly_Unweighted
H_prevalence_diet_mphdi_score_M0_lag10,M0,Model 0,Basic FE model,Primary 10-year lag,diet_mphdi_score,mPHDI,10,prevalence,Dementia prevalence rate,10,"1990, 1995, 2000, 2005","2000, 2005, 2010, 2015",Unweighted,Country and outcome year,Country,TRUE,FALSE,x_diet_mphdi_score_per_increment,-0.000928270278791508,0.00135828847531826,0.495206375651552,-0.00360809268000713,0.00175155212242412,-0.0927839569218158,-0.360159133511551,0.175308698584309,740,185,0.000607322200275373,0.793849015169489,M0_lag10_prevalence_Unweighted
H_daly_diet_med_score_M0_lag10,M0,Model 0,Basic FE model,Primary 10-year lag,diet_med_score,MED,1,daly,Dementia DALY rate,10,"1990, 1995, 2000, 2005","2000, 2005, 2010, 2015",Unweighted,Country and outcome year,Country,TRUE,FALSE,x_diet_med_score_per_increment,-0.00230267031672245,0.00228015902896803,0.313882450645877,-0.00680128850806863,0.00219594787462373,-0.230002120516237,-0.677821209147744,0.21983607340057,740,185,0.00214704341844607,0.313882450645877,M0_lag10_daly_Unweighted
H_prevalence_diet_med_score_M0_lag10,M0,Model 0,Basic FE model,Primary 10-year lag,diet_med_score,MED,1,prevalence,Dementia prevalence rate,10,"1990, 1995, 2000, 2005","2000, 2005, 2010, 2015",Unweighted,Country and outcome year,Country,TRUE,FALSE,x_diet_med_score_per_increment,-0.000302522948355976,0.000786801548358293,0.701054028367574,-0.00185483562192677,0.00124978972521482,-0.0302477192902995,-0.185311647740904,0.125057103785164,740,185,0.000237067622160136,0.793849015169489,M0_lag10_prevalence_Unweighted
H_daly_diet_dash_score_M0_lag10,M0,Model 0,Basic FE model,Primary 10-year lag,diet_dash_score,DASH,5,daly,Dementia DALY rate,10,"1990, 1995, 2000, 2005","2000, 2005, 2010, 2015",Unweighted,Country and outcome year,Country,TRUE,FALSE,x_diet_dash_score_per_increment,-0.00585336949001147,0.0056324026374947,0.30006082876557,-0.0169657650045855,0.00525902602456257,-0.58362718985906,-1.68226568694092,0.527287897562312,740,185,0.00250585733029018,0.313882450645877,M0_lag10_daly_Unweighted
H_prevalence_diet_dash_score_M0_lag10,M0,Model 0,Basic FE model,Primary 10-year lag,diet_dash_score,DASH,5,prevalence,Dementia prevalence rate,10,"1990, 1995, 2000, 2005","2000, 2005, 2010, 2015",Unweighted,Country and outcome year,Country,TRUE,FALSE,x_diet_dash_score_per_increment,0.00147463781518451,0.00148034693609635,0.320488680257112,-0.00144599867184186,0.00439527430221087,0.147572562817189,-0.144495371948961,0.44049476875081,740,185,0.00101740411160811,0.793849015169489,M0_lag10_prevalence_Unweighted
H_daly_diet_ahei_score_M0_lag10,M0,Model 0,Basic FE model,Primary 10-year lag,diet_ahei_score,AHEI,10,daly,Dementia DALY rate,10,"1990, 1995, 2000, 2005","2000, 2005, 2010, 2015",Unweighted,Country and outcome year,Country,TRUE,FALSE,x_diet_ahei_score_per_increment,-0.011333533493391,0.00551718629194308,0.0413680967743322,-0.0222186140086804,-0.000448452978101727,-1.12695509468982,-2.19735985936601,-0.0448352438094712,740,185,0.0125544835865395,0.0827361935486644,M0_lag10_daly_Unweighted
H_prevalence_diet_ahei_score_M0_lag10,M0,Model 0,Basic FE model,Primary 10-year lag,diet_ahei_score,AHEI,10,prevalence,Dementia prevalence rate,10,"1990, 1995, 2000, 2005","2000, 2005, 2010, 2015",Unweighted,Country and outcome year,Country,TRUE,FALSE,x_diet_ahei_score_per_increment,0.000350501788403627,0.00133935030379051,0.793849015169489,-0.00229195672640618,0.00299296030321343,0.0350563221332756,-0.228933219907224,0.299744368064281,740,185,7.68116259034501e-05,0.793849015169489,M0_lag10_prevalence_Unweighted
H_daly_diet_mphdi_score_M1_lag10,M1,Model 1,Primary prespecified model,Primary 10-year lag,diet_mphdi_score,mPHDI,10,daly,Dementia DALY rate,10,"1990, 1995, 2000, 2005","2000, 2005, 2010, 2015",Unweighted,Country and outcome year,Country,TRUE,TRUE,x_diet_mphdi_score_per_increment,-0.0133185316693779,0.00489593991451666,0.00714723365772617,-0.0229779300198301,-0.00365913331892565,-1.32302324663987,-2.2715947825079,-0.365244684865107,740,185,0.0214212527106631,0.0285889346309047,M1_lag10_daly_Unweighted
H_prevalence_diet_mphdi_score_M1_lag10,M1,Model 1,Primary prespecified model,Primary 10-year lag,diet_mphdi_score,mPHDI,10,prevalence,Dementia prevalence rate,10,"1990, 1995, 2000, 2005","2000, 2005, 2010, 2015",Unweighted,Country and outcome year,Country,TRUE,TRUE,x_diet_mphdi_score_per_increment,-0.0010498556472338,0.0013436899912296,0.435616795413729,-0.00370087610733347,0.00160116481286587,-0.104930474160114,-0.369403630570697,0.160244736167758,740,185,0.00534719308902398,0.782169322373213,M1_lag10_prevalence_Unweighted
H_daly_diet_med_score_M1_lag10,M1,Model 1,Primary prespecified model,Primary 10-year lag,diet_med_score,MED,1,daly,Dementia DALY rate,10,"1990, 1995, 2000, 2005","2000, 2005, 2010, 2015",Unweighted,Country and outcome year,Country,TRUE,TRUE,x_diet_med_score_per_increment,-0.00252738888682177,0.00218853929067695,0.24965797497495,-0.00684524678201037,0.00179046900836683,-0.252419772852797,-0.682187144731328,0.179207285507155,740,185,0.00448463812773792,0.289323571073081,M1_lag10_daly_Unweighted
H_prevalence_diet_med_score_M1_lag10,M1,Model 1,Primary prespecified model,Primary 10-year lag,diet_med_score,MED,1,prevalence,Dementia prevalence rate,10,"1990, 1995, 2000, 2005","2000, 2005, 2010, 2015",Unweighted,Country and outcome year,Country,TRUE,TRUE,x_diet_med_score_per_increment,-0.000429968667268021,0.000789383841016746,0.58662699177991,-0.00198737605071699,0.00112743871618095,-0.0429876243987493,-0.198540252652824,0.112807451412889,740,185,0.00504679085342175,0.782169322373213,M1_lag10_prevalence_Unweighted
H_daly_diet_dash_score_M1_lag10,M1,Model 1,Primary prespecified model,Primary 10-year lag,diet_dash_score,DASH,5,daly,Dementia DALY rate,10,"1990, 1995, 2000, 2005","2000, 2005, 2010, 2015",Unweighted,Country and outcome year,Country,TRUE,TRUE,x_diet_dash_score_per_increment,-0.00609080069410346,0.00573159207819837,0.289323571073081,-0.0173988910776187,0.00521728968941177,-0.60722893695534,-1.72484044033,0.523092344536935,740,185,0.00462852591084417,0.289323571073081,M1_lag10_daly_Unweighted
H_prevalence_diet_dash_score_M1_lag10,M1,Model 1,Primary prespecified model,Primary 10-year lag,diet_dash_score,DASH,5,prevalence,Dementia prevalence rate,10,"1990, 1995, 2000, 2005","2000, 2005, 2010, 2015",Unweighted,Country and outcome year,Country,TRUE,TRUE,x_diet_dash_score_per_increment,0.00133959558544835,0.00142092773413294,0.34703922644782,-0.00146381034902797,0.00414300151992466,0.134049324440322,-0.146273950122877,0.415159561507283,740,185,0.00541002876926222,0.782169322373213,M1_lag10_prevalence_Unweighted
H_daly_diet_ahei_score_M1_lag10,M1,Model 1,Primary prespecified model,Primary 10-year lag,diet_ahei_score,AHEI,10,daly,Dementia DALY rate,10,"1990, 1995, 2000, 2005","2000, 2005, 2010, 2015",Unweighted,Country and outcome year,Country,TRUE,TRUE,x_diet_ahei_score_per_increment,-0.0115072499050238,0.0056406243145382,0.0427729200092447,-0.0226358662995635,-0.000378633510484241,-1.14412947347906,-2.23815972250899,-0.0378561837862779,740,185,0.0148461731172954,0.0855458400184894,M1_lag10_daly_Unweighted
H_prevalence_diet_ahei_score_M1_lag10,M1,Model 1,Primary prespecified model,Primary 10-year lag,diet_ahei_score,AHEI,10,prevalence,Dementia prevalence rate,10,"1990, 1995, 2000, 2005","2000, 2005, 2010, 2015",Unweighted,Country and outcome year,Country,TRUE,TRUE,x_diet_ahei_score_per_increment,0.000253877517889496,0.00134061046664432,0.850007995819187,-0.0023910672233046,0.0028988222590836,0.0253909747514047,-0.238821089907937,0.290302790715535,740,185,0.00461230806801671,0.850007995819187,M1_lag10_prevalence_Unweighted
H_daly_diet_mphdi_score_M0_lag15,M0,Model 0,Basic FE model,Lag sensitivity,diet_mphdi_score,mPHDI,10,daly,Dementia DALY rate,15,"1990, 1995, 2000","2005, 2010, 2015",Unweighted,Country and outcome year,Country,TRUE,FALSE,x_diet_mphdi_score_per_increment,-0.00466790228804472,0.00586416472833644,0.427055099609486,-0.0162375506278294,0.00690174605173992,-0.465702456412531,-1.61064322423563,0.692561798876912,555,185,0.00243234872638909,0.739628342601881,M0_lag15_daly_Unweighted
H_prevalence_diet_mphdi_score_M0_lag15,M0,Model 0,Basic FE model,Lag sensitivity,diet_mphdi_score,mPHDI,10,prevalence,Dementia prevalence rate,15,"1990, 1995, 2000","2005, 2010, 2015",Unweighted,Country and outcome year,Country,TRUE,FALSE,x_diet_mphdi_score_per_increment,0.00321141957579145,0.00159303973362639,0.0452643255574921,6.84468996827955e-05,0.0063543922519001,0.321658170808248,0.00684492422253769,0.6374624233626,555,185,0.00700772045381803,0.181057302229968,M0_lag15_prevalence_Unweighted
H_daly_diet_med_score_M0_lag15,M0,Model 0,Basic FE model,Lag sensitivity,diet_med_score,MED,1,daly,Dementia DALY rate,15,"1990, 1995, 2000","2005, 2010, 2015",Unweighted,Country and outcome year,Country,TRUE,FALSE,x_diet_med_score_per_increment,-0.00244584743918695,0.0033841709513069,0.470762397627326,-0.00912261551139669,0.00423092063302279,-0.24428587914278,-0.908113070034899,0.423988361381977,555,185,0.00275324552172196,0.739628342601881,M0_lag15_daly_Unweighted
H_prevalence_diet_med_score_M0_lag15,M0,Model 0,Basic FE model,Lag sensitivity,diet_med_score,MED,1,prevalence,Dementia prevalence rate,15,"1990, 1995, 2000","2005, 2010, 2015",Unweighted,Country and outcome year,Country,TRUE,FALSE,x_diet_med_score_per_increment,-0.000439298385967583,0.000936182992646333,0.639450679221535,-0.00228633176725493,0.00140773499531977,-0.0439201908559617,-0.228372010153721,0.140872631934763,555,185,0.000540637006258615,0.639450679221535,M0_lag15_prevalence_Unweighted
H_daly_diet_dash_score_M0_lag15,M0,Model 0,Basic FE model,Lag sensitivity,diet_dash_score,DASH,5,daly,Dementia DALY rate,15,"1990, 1995, 2000","2005, 2010, 2015",Unweighted,Country and outcome year,Country,TRUE,FALSE,x_diet_dash_score_per_increment,-0.00198382327851567,0.00704672317724058,0.778624707146893,-0.0158865891258884,0.011918942568857,-0.198185680171126,-1.57610628759353,1.19902562109344,555,185,0.000312283607500241,0.778624707146893,M0_lag15_daly_Unweighted
H_prevalence_diet_dash_score_M0_lag15,M0,Model 0,Basic FE model,Lag sensitivity,diet_dash_score,DASH,5,prevalence,Dementia prevalence rate,15,"1990, 1995, 2000","2005, 2010, 2015",Unweighted,Country and outcome year,Country,TRUE,FALSE,x_diet_dash_score_per_increment,0.00144774135834841,0.00184546326550171,0.433763395102689,-0.00219324793765016,0.00508873065434699,0.14487898417852,-0.219084452680518,0.510170023441758,555,185,0.00101233797263955,0.578351193470252,M0_lag15_prevalence_Unweighted
H_daly_diet_ahei_score_M0_lag15,M0,Model 0,Basic FE model,Lag sensitivity,diet_ahei_score,AHEI,10,daly,Dementia DALY rate,15,"1990, 1995, 2000","2005, 2010, 2015",Unweighted,Country and outcome year,Country,TRUE,FALSE,x_diet_ahei_score_per_increment,-0.00378482237631296,0.0063956083276765,0.554721256951411,-0.0164029773392289,0.008833332586603,-0.377766896374721,-1.62691810577658,0.887246159722444,555,185,0.00156417808004694,0.739628342601881,M0_lag15_daly_Unweighted
H_prevalence_diet_ahei_score_M0_lag15,M0,Model 0,Basic FE model,Lag sensitivity,diet_ahei_score,AHEI,10,prevalence,Dementia prevalence rate,15,"1990, 1995, 2000","2005, 2010, 2015",Unweighted,Country and outcome year,Country,TRUE,FALSE,x_diet_ahei_score_per_increment,0.00257610624069422,0.00156403455510414,0.101246229808153,-0.000509640942768648,0.00566185342415708,0.257942725352422,-0.0509511097882442,0.567791200906842,555,185,0.00441085794205254,0.202492459616306,M0_lag15_prevalence_Unweighted
H_daly_diet_mphdi_score_M1_lag15,M1,Model 1,Primary prespecified model,Lag sensitivity,diet_mphdi_score,mPHDI,10,daly,Dementia DALY rate,15,"1990, 1995, 2000","2005, 2010, 2015",Unweighted,Country and outcome year,Country,TRUE,FALSE,x_diet_mphdi_score_per_increment,-0.00451775827292368,0.0059137570878489,0.445881227771817,-0.0161852493893832,0.00714973284353583,-0.450756855368883,-1.60549720445591,0.717535320658924,555,185,0.00286621429106315,0.767827036934773,M1_lag15_daly_Unweighted
H_prevalence_diet_mphdi_score_M1_lag15,M1,Model 1,Primary prespecified model,Lag sensitivity,diet_mphdi_score,mPHDI,10,prevalence,Dementia prevalence rate,15,"1990, 1995, 2000","2005, 2010, 2015",Unweighted,Country and outcome year,Country,TRUE,FALSE,x_diet_mphdi_score_per_increment,0.00295086828222594,0.00158939532272167,0.0649670439692746,-0.000184914187855656,0.00608665075230753,0.295522637970502,-0.0184897092280978,0.610521205060222,555,185,0.0149606281098934,0.259868175877099,M1_lag15_prevalence_Unweighted
H_daly_diet_med_score_M1_lag15,M1,Model 1,Primary prespecified model,Lag sensitivity,diet_med_score,MED,1,daly,Dementia DALY rate,15,"1990, 1995, 2000","2005, 2010, 2015",Unweighted,Country and outcome year,Country,TRUE,FALSE,x_diet_med_score_per_increment,-0.00238919090569234,0.00339302742579038,0.48223128406402,-0.00908343227547319,0.00430505046408851,-0.238633906075325,-0.904230253181049,0.43143305060751,555,185,0.0032198383206371,0.767827036934773,M1_lag15_daly_Unweighted
H_prevalence_diet_med_score_M1_lag15,M1,Model 1,Primary prespecified model,Lag sensitivity,diet_med_score,MED,1,prevalence,Dementia prevalence rate,15,"1990, 1995, 2000","2005, 2010, 2015",Unweighted,Country and outcome year,Country,TRUE,FALSE,x_diet_med_score_per_increment,-0.000542141792922798,0.000937996183909775,0.563985181129488,-0.0023927524927649,0.0013084689069193,-0.0541994860614903,-0.238989214234409,0.130932532585137,555,185,0.00989881467347842,0.563985181129488,M1_lag15_prevalence_Unweighted
H_daly_diet_dash_score_M1_lag15,M1,Model 1,Primary prespecified model,Lag sensitivity,diet_dash_score,DASH,5,daly,Dementia DALY rate,15,"1990, 1995, 2000","2005, 2010, 2015",Unweighted,Country and outcome year,Country,TRUE,FALSE,x_diet_dash_score_per_increment,-0.00189553978905411,0.00704377554786133,0.788147717903563,-0.0157924901389205,0.0120014105608123,-0.18937443881053,-1.56684426313504,1.20737164565945,555,185,0.000885762575756011,0.788147717903563,M1_lag15_daly_Unweighted
H_prevalence_diet_dash_score_M1_lag15,M1,Model 1,Primary prespecified model,Lag sensitivity,diet_dash_score,DASH,5,prevalence,Dementia prevalence rate,15,"1990, 1995, 2000","2005, 2010, 2015",Unweighted,Country and outcome year,Country,TRUE,FALSE,x_diet_dash_score_per_increment,0.00130685671543725,0.00182135142496674,0.473963016659508,-0.00228656135281826,0.00490027478369275,0.130771102478744,-0.228394916276509,0.491230076568527,555,185,0.00990201875834418,0.563985181129488,M1_lag15_prevalence_Unweighted
H_daly_diet_ahei_score_M1_lag15,M1,Model 1,Primary prespecified model,Lag sensitivity,diet_ahei_score,AHEI,10,daly,Dementia DALY rate,15,"1990, 1995, 2000","2005, 2010, 2015",Unweighted,Country and outcome year,Country,TRUE,FALSE,x_diet_ahei_score_per_increment,-0.00359059520123154,0.006406897393134,0.57587027770108,-0.0162310228190743,0.00904983241661122,-0.358415672257739,-1.61000095523476,0.909090595939044,555,185,0.00199539991669095,0.767827036934773,M1_lag15_daly_Unweighted
H_prevalence_diet_ahei_score_M1_lag15,M1,Model 1,Primary prespecified model,Lag sensitivity,diet_ahei_score,AHEI,10,prevalence,Dementia prevalence rate,15,"1990, 1995, 2000","2005, 2010, 2015",Unweighted,Country and outcome year,Country,TRUE,FALSE,x_diet_ahei_score_per_increment,0.00223778738027787,0.00160217873261968,0.164181620402644,-0.000923215997461499,0.00539879075801723,0.224029309519458,-0.0922789964689308,0.541339049065082,555,185,0.0123748994983321,0.328363240805288,M1_lag15_prevalence_Unweighted
H_daly_diet_mphdi_score_M2_lag10,M2,Model 2,Education-adjusted extension,10-year covariate extension,diet_mphdi_score,mPHDI,10,daly,Dementia DALY rate,10,"1990, 1995, 2000, 2005","2000, 2005, 2010, 2015",Unweighted,Country and outcome year,Country,TRUE,FALSE,x_diet_mphdi_score_per_increment,-0.0141423830833588,0.00485860601359262,0.0040854588622346,-0.0237329504631988,-0.00455181570351883,-1.40428493509078,-2.34535387802853,-0.454147189074727,644,172,0.0291987735419255,0.0163418354489384,M2_lag10_daly_Unweighted
H_prevalence_diet_mphdi_score_M2_lag10,M2,Model 2,Education-adjusted extension,10-year covariate extension,diet_mphdi_score,mPHDI,10,prevalence,Dementia prevalence rate,10,"1990, 1995, 2000, 2005","2000, 2005, 2010, 2015",Unweighted,Country and outcome year,Country,TRUE,FALSE,x_diet_mphdi_score_per_increment,-0.0010183917412599,0.00149489098323767,0.496636002728783,-0.00396920781075532,0.00193242432823551,-0.101787335637848,-0.39613409173197,0.193429266340606,644,172,0.0233685682136052,0.920981766129553,M2_lag10_prevalence_Unweighted
H_daly_diet_med_score_M2_lag10,M2,Model 2,Education-adjusted extension,10-year covariate extension,diet_med_score,MED,1,daly,Dementia DALY rate,10,"1990, 1995, 2000, 2005","2000, 2005, 2010, 2015",Unweighted,Country and outcome year,Country,TRUE,FALSE,x_diet_med_score_per_increment,-0.00231814920184448,0.00246290462694515,0.347916944898012,-0.00717976027068915,0.00254346186700019,-0.231546436899854,-0.715404736621461,0.25466992102392,644,172,0.00900777307244471,0.347916944898012,M2_lag10_daly_Unweighted
H_prevalence_diet_med_score_M2_lag10,M2,Model 2,Education-adjusted extension,10-year covariate extension,diet_med_score,MED,1,prevalence,Dementia prevalence rate,10,"1990, 1995, 2000, 2005","2000, 2005, 2010, 2015",Unweighted,Country and outcome year,Country,TRUE,FALSE,x_diet_med_score_per_increment,-0.000130269868043353,0.000892125388237232,0.884076071721155,-0.00189126646320224,0.00163072672711553,-0.0130261383292529,-0.18894791457269,0.163205708499659,644,172,0.022583060974681,0.920981766129553,M2_lag10_prevalence_Unweighted
H_daly_diet_dash_score_M2_lag10,M2,Model 2,Education-adjusted extension,10-year covariate extension,diet_dash_score,DASH,5,daly,Dementia DALY rate,10,"1990, 1995, 2000, 2005","2000, 2005, 2010, 2015",Unweighted,Country and outcome year,Country,TRUE,FALSE,x_diet_dash_score_per_increment,-0.0058661849426738,0.00560470119230684,0.296736209397497,-0.0169294949287704,0.00519712504342283,-0.584901247514835,-1.67869963059324,0.52106535240295,644,172,0.00946054035224864,0.347916944898012,M2_lag10_daly_Unweighted
H_prevalence_diet_dash_score_M2_lag10,M2,Model 2,Education-adjusted extension,10-year covariate extension,diet_dash_score,DASH,5,prevalence,Dementia prevalence rate,10,"1990, 1995, 2000, 2005","2000, 2005, 2010, 2015",Unweighted,Country and outcome year,Country,TRUE,FALSE,x_diet_dash_score_per_increment,0.00129758097994905,0.00162617674603153,0.426015747460268,-0.00191238451441548,0.00450754647431358,0.129842320239337,-0.191055707225962,0.451772074317525,644,172,0.0234672089015843,0.920981766129553,M2_lag10_prevalence_Unweighted
H_daly_diet_ahei_score_M2_lag10,M2,Model 2,Education-adjusted extension,10-year covariate extension,diet_ahei_score,AHEI,10,daly,Dementia DALY rate,10,"1990, 1995, 2000, 2005","2000, 2005, 2010, 2015",Unweighted,Country and outcome year,Country,TRUE,FALSE,x_diet_ahei_score_per_increment,-0.00998083054148722,0.00565686862094916,0.0794545214560951,-0.0211471155862792,0.00118545450330472,-0.993118734971121,-2.09250832065124,0.118615743223049,644,172,0.0172425389142449,0.15890904291219,M2_lag10_daly_Unweighted
H_prevalence_diet_ahei_score_M2_lag10,M2,Model 2,Education-adjusted extension,10-year covariate extension,diet_ahei_score,AHEI,10,prevalence,Dementia prevalence rate,10,"1990, 1995, 2000, 2005","2000, 2005, 2010, 2015",Unweighted,Country and outcome year,Country,TRUE,FALSE,x_diet_ahei_score_per_increment,0.000147403022666051,0.00148376854000002,0.920981766129553,-0.00278145807846998,0.00307626412380208,0.0147413887025438,-0.277759340791894,0.308100068000239,644,172,0.0225494352407002,0.920981766129553,M2_lag10_prevalence_Unweighted
H_daly_diet_mphdi_score_M3_lag10,M3,Model 3,Lifestyle and metabolic extension,10-year covariate extension,diet_mphdi_score,mPHDI,10,daly,Dementia DALY rate,10,"1990, 1995, 2000, 2005","2000, 2005, 2010, 2015",Unweighted,Country and outcome year,Country,TRUE,FALSE,x_diet_mphdi_score_per_increment,-0.00573750978004845,0.00754906286375794,0.448414241519208,-0.0206521474406707,0.00917712788057383,-0.572108170457464,-2.04403523572669,0.921936683051472,306,153,0.090467448603319,0.847417925893062,M3_lag10_daly_Unweighted
H_prevalence_diet_mphdi_score_M3_lag10,M3,Model 3,Lifestyle and metabolic extension,10-year covariate extension,diet_mphdi_score,mPHDI,10,prevalence,Dementia prevalence rate,10,"1990, 1995, 2000, 2005","2000, 2005, 2010, 2015",Unweighted,Country and outcome year,Country,TRUE,FALSE,x_diet_mphdi_score_per_increment,-0.00333485132131463,0.00178297338054813,0.0633528069886816,-0.00685746100271982,0.000187758360090566,-0.332929688077366,-0.683400227009479,0.0187775987794625,306,153,0.0993618915050536,0.253411227954726,M3_lag10_prevalence_Unweighted
H_daly_diet_med_score_M3_lag10,M3,Model 3,Lifestyle and metabolic extension,10-year covariate extension,diet_med_score,MED,1,daly,Dementia DALY rate,10,"1990, 1995, 2000, 2005","2000, 2005, 2010, 2015",Unweighted,Country and outcome year,Country,TRUE,FALSE,x_diet_med_score_per_increment,-0.00280092487038741,0.00432839462748396,0.518540178803043,-0.0113525078530957,0.00575065811232087,-0.279700594005294,-1.12883112961061,0.576722488808001,306,153,0.0894416205097489,0.847417925893062,M3_lag10_daly_Unweighted
H_prevalence_diet_med_score_M3_lag10,M3,Model 3,Lifestyle and metabolic extension,10-year covariate extension,diet_med_score,MED,1,prevalence,Dementia prevalence rate,10,"1990, 1995, 2000, 2005","2000, 2005, 2010, 2015",Unweighted,Country and outcome year,Country,TRUE,FALSE,x_diet_med_score_per_increment,-0.000175629039556572,0.0012721448835004,0.890377760515106,-0.00268899796118958,0.00233773988207644,-0.0175613617679704,-0.268538584455535,0.234047452650188,306,153,0.0857774627421702,0.906869124892329,M3_lag10_prevalence_Unweighted
H_daly_diet_dash_score_M3_lag10,M3,Model 3,Lifestyle and metabolic extension,10-year covariate extension,diet_dash_score,DASH,5,daly,Dementia DALY rate,10,"1990, 1995, 2000, 2005","2000, 2005, 2010, 2015",Unweighted,Country and outcome year,Country,TRUE,FALSE,x_diet_dash_score_per_increment,-0.00171631797025096,0.00890471993939368,0.847417925893062,-0.0193093190834066,0.0158766831429046,-0.171484593884186,-1.91240883242353,1.6003387336047,306,153,0.0859036361694107,0.847417925893062,M3_lag10_daly_Unweighted
H_prevalence_diet_dash_score_M3_lag10,M3,Model 3,Lifestyle and metabolic extension,10-year covariate extension,diet_dash_score,DASH,5,prevalence,Dementia prevalence rate,10,"1990, 1995, 2000, 2005","2000, 2005, 2010, 2015",Unweighted,Country and outcome year,Country,TRUE,FALSE,x_diet_dash_score_per_increment,-0.000304739904467305,0.0026005299581284,0.906869124892329,-0.00544259115184326,0.00483311134290865,-0.0304693475978945,-0.542780708598922,0.484480966437206,306,153,0.0857074506579117,0.906869124892329,M3_lag10_prevalence_Unweighted
H_daly_diet_ahei_score_M3_lag10,M3,Model 3,Lifestyle and metabolic extension,10-year covariate extension,diet_ahei_score,AHEI,10,daly,Dementia DALY rate,10,"1990, 1995, 2000, 2005","2000, 2005, 2010, 2015",Unweighted,Country and outcome year,Country,TRUE,FALSE,x_diet_ahei_score_per_increment,-0.00257373898600574,0.00649692096539886,0.692551759885508,-0.01540966628684,0.0102621883148285,-0.257042975945898,-1.52915448947153,1.03150251551964,306,153,0.0863848935028094,0.847417925893062,M3_lag10_daly_Unweighted
H_prevalence_diet_ahei_score_M3_lag10,M3,Model 3,Lifestyle and metabolic extension,10-year covariate extension,diet_ahei_score,AHEI,10,prevalence,Dementia prevalence rate,10,"1990, 1995, 2000, 2005","2000, 2005, 2010, 2015",Unweighted,Country and outcome year,Country,TRUE,FALSE,x_diet_ahei_score_per_increment,-0.00154199666787962,0.0022525758979474,0.494671542206379,-0.00599239719139732,0.00290840385563809,-0.154080840186366,-0.59744785890079,0.291263736538894,306,153,0.0877507970369024,0.906869124892329,M3_lag10_prevalence_Unweighted
H_daly_diet_mphdi_score_M4_lag10,M4,Model 4,Environment and health-system extension,10-year covariate extension,diet_mphdi_score,mPHDI,10,daly,Dementia DALY rate,10,"1990, 1995, 2000, 2005","2000, 2005, 2010, 2015",Unweighted,Country and outcome year,Country,TRUE,FALSE,x_diet_mphdi_score_per_increment,-0.00599026234223718,0.00723927256351494,0.409269377436925,-0.0202928491877733,0.00831232450329893,-0.597235649219319,-2.00883350514456,0.834696779485578,306,153,0.118117778705104,0.856838578983141,M4_lag10_daly_Unweighted
H_prevalence_diet_mphdi_score_M4_lag10,M4,Model 4,Environment and health-system extension,10-year covariate extension,diet_mphdi_score,mPHDI,10,prevalence,Dementia prevalence rate,10,"1990, 1995, 2000, 2005","2000, 2005, 2010, 2015",Unweighted,Country and outcome year,Country,TRUE,FALSE,x_diet_mphdi_score_per_increment,-0.00326089298154796,0.00179662214237394,0.0714932732093652,-0.00681046843881459,0.000288682475718682,-0.325558204439702,-0.678732975685603,0.0288724148514552,306,153,0.108003952029701,0.285973092837461,M4_lag10_prevalence_Unweighted
H_daly_diet_med_score_M4_lag10,M4,Model 4,Environment and health-system extension,10-year covariate extension,diet_med_score,MED,1,daly,Dementia DALY rate,10,"1990, 1995, 2000, 2005","2000, 2005, 2010, 2015",Unweighted,Country and outcome year,Country,TRUE,FALSE,x_diet_med_score_per_increment,-0.00228182792363029,0.00426068008983241,0.593048972027787,-0.0106996277054756,0.00613597185821499,-0.22792265333117,-1.06425902965572,0.615483549605123,306,153,0.115395016963743,0.856838578983141,M4_lag10_daly_Unweighted
H_prevalence_diet_med_score_M4_lag10,M4,Model 4,Environment and health-system extension,10-year covariate extension,diet_med_score,MED,1,prevalence,Dementia prevalence rate,10,"1990, 1995, 2000, 2005","2000, 2005, 2010, 2015",Unweighted,Country and outcome year,Country,TRUE,FALSE,x_diet_med_score_per_increment,-0.000227161720718708,0.00128537508888909,0.859957335608477,-0.00276666947880188,0.00231234603736447,-0.0227135921448629,-0.276284577591968,0.23150215713188,306,153,0.0951144227616227,0.859957335608477,M4_lag10_prevalence_Unweighted
H_daly_diet_dash_score_M4_lag10,M4,Model 4,Environment and health-system extension,10-year covariate extension,diet_dash_score,DASH,5,daly,Dementia DALY rate,10,"1990, 1995, 2000, 2005","2000, 2005, 2010, 2015",Unweighted,Country and outcome year,Country,TRUE,FALSE,x_diet_dash_score_per_increment,0.000253123269449742,0.00912972933545321,0.977917718943876,-0.0177844275412021,0.0182906740801015,0.0253155307847752,-1.76272179501374,1.84589729935354,306,153,0.112927097171007,0.977917718943876,M4_lag10_daly_Unweighted
H_prevalence_diet_dash_score_M4_lag10,M4,Model 4,Environment and health-system extension,10-year covariate extension,diet_dash_score,DASH,5,prevalence,Dementia prevalence rate,10,"1990, 1995, 2000, 2005","2000, 2005, 2010, 2015",Unweighted,Country and outcome year,Country,TRUE,FALSE,x_diet_dash_score_per_increment,-0.00048641874777136,0.00262746134196739,0.853374811954907,-0.00567747816666568,0.00470464067112296,-0.0486300465351253,-0.566139174533253,0.471572486861693,306,153,0.0950452332584577,0.859957335608477,M4_lag10_prevalence_Unweighted
H_daly_diet_ahei_score_M4_lag10,M4,Model 4,Environment and health-system extension,10-year covariate extension,diet_ahei_score,AHEI,10,daly,Dementia DALY rate,10,"1990, 1995, 2000, 2005","2000, 2005, 2010, 2015",Unweighted,Country and outcome year,Country,TRUE,FALSE,x_diet_ahei_score_per_increment,-0.00312636028120859,0.00672400350056972,0.642628934237355,-0.0164109331678928,0.0101582126054756,-0.312147830583442,-1.627700742048,1.02099823948285,306,153,0.113923240908412,0.856838578983141,M4_lag10_daly_Unweighted
H_prevalence_diet_ahei_score_M4_lag10,M4,Model 4,Environment and health-system extension,10-year covariate extension,diet_ahei_score,AHEI,10,prevalence,Dementia prevalence rate,10,"1990, 1995, 2000, 2005","2000, 2005, 2010, 2015",Unweighted,Country and outcome year,Country,TRUE,FALSE,x_diet_ahei_score_per_increment,-0.001205832760232,0.00231182934182907,0.602713292037977,-0.00577329995302885,0.00336163443256486,-0.120510603604118,-0.57566664822547,0.336729106232503,306,153,0.0961723646839666,0.859957335608477,M4_lag10_prevalence_Unweighted
H_daly_diet_mphdi_score_M5_lag10,M5,Model 5,Competing-mortality extension,10-year covariate extension,diet_mphdi_score,mPHDI,10,daly,Dementia DALY rate,10,"1990, 1995, 2000, 2005","2000, 2005, 2010, 2015",Unweighted,Country and outcome year,Country,TRUE,FALSE,x_diet_mphdi_score_per_increment,-0.00785011144162287,0.0072196151647212,0.278611740112251,-0.0221138612837256,0.00641363840047981,-0.781937978502134,-2.18711422968406,0.643424982041596,306,153,0.154525266440779,0.498249799885185,M5_lag10_daly_Unweighted
H_prevalence_diet_mphdi_score_M5_lag10,M5,Model 5,Competing-mortality extension,10-year covariate extension,diet_mphdi_score,mPHDI,10,prevalence,Dementia prevalence rate,10,"1990, 1995, 2000, 2005","2000, 2005, 2010, 2015",Unweighted,Country and outcome year,Country,TRUE,FALSE,x_diet_mphdi_score_per_increment,-0.00367795755893149,0.0016570629949379,0.0279291804865339,-0.00695180685603767,-0.000404108261825305,-0.367120215759309,-0.692769894362111,-0.0404026621079301,306,153,0.123580467991162,0.111716721946135,M5_lag10_prevalence_Unweighted
H_daly_diet_med_score_M5_lag10,M5,Model 5,Competing-mortality extension,10-year covariate extension,diet_med_score,MED,1,daly,Dementia DALY rate,10,"1990, 1995, 2000, 2005","2000, 2005, 2010, 2015",Unweighted,Country and outcome year,Country,TRUE,FALSE,x_diet_med_score_per_increment,-0.00313989755315823,0.00421961867314573,0.457953406674096,-0.0114765725433882,0.00519677743707169,-0.3134973230141,-1.14109678967198,0.521030410648282,306,153,0.150359522128524,0.498249799885185,M5_lag10_daly_Unweighted
H_prevalence_diet_med_score_M5_lag10,M5,Model 5,Competing-mortality extension,10-year covariate extension,diet_med_score,MED,1,prevalence,Dementia prevalence rate,10,"1990, 1995, 2000, 2005","2000, 2005, 2010, 2015",Unweighted,Country and outcome year,Country,TRUE,FALSE,x_diet_med_score_per_increment,-0.000404340755201481,0.00122930263018635,0.742669803760028,-0.00283306649710798,0.00202438498670502,-0.0404259020494902,-0.282905715136095,0.202643543739267,306,153,0.107797814471476,0.742669803760028,M5_lag10_prevalence_Unweighted
H_daly_diet_dash_score_M5_lag10,M5,Model 5,Competing-mortality extension,10-year covariate extension,diet_dash_score,DASH,5,daly,Dementia DALY rate,10,"1990, 1995, 2000, 2005","2000, 2005, 2010, 2015",Unweighted,Country and outcome year,Country,TRUE,FALSE,x_diet_dash_score_per_increment,-0.00716006214258629,0.0105469614040484,0.498249799885185,-0.0279976297454666,0.0136775054602941,-0.713448996683175,-2.76093283880871,1.37714704515952,306,153,0.148932770530337,0.498249799885185,M5_lag10_daly_Unweighted
H_prevalence_diet_dash_score_M5_lag10,M5,Model 5,Competing-mortality extension,10-year covariate extension,diet_dash_score,DASH,5,prevalence,Dementia prevalence rate,10,"1990, 1995, 2000, 2005","2000, 2005, 2010, 2015",Unweighted,Country and outcome year,Country,TRUE,FALSE,x_diet_dash_score_per_increment,-0.00209575449002446,0.00254329589694018,0.411213116145477,-0.00712052875024666,0.00292901977019774,-0.209355992993732,-0.709523784920352,0.293331353976001,306,153,0.109482432339867,0.548284154860636,M5_lag10_prevalence_Unweighted
H_daly_diet_ahei_score_M5_lag10,M5,Model 5,Competing-mortality extension,10-year covariate extension,diet_ahei_score,AHEI,10,daly,Dementia DALY rate,10,"1990, 1995, 2000, 2005","2000, 2005, 2010, 2015",Unweighted,Country and outcome year,Country,TRUE,FALSE,x_diet_ahei_score_per_increment,-0.0115147086283095,0.00901581531087692,0.203490494639902,-0.029327200192313,0.00629778293569388,-1.14486680931268,-2.89013311931489,0.631765566679188,306,153,0.157367138486381,0.498249799885185,M5_lag10_daly_Unweighted
H_prevalence_diet_ahei_score_M5_lag10,M5,Model 5,Competing-mortality extension,10-year covariate extension,diet_ahei_score,AHEI,10,prevalence,Dementia prevalence rate,10,"1990, 1995, 2000, 2005","2000, 2005, 2010, 2015",Unweighted,Country and outcome year,Country,TRUE,FALSE,x_diet_ahei_score_per_increment,-0.00305379235339821,0.00247066570009771,0.218357806182898,-0.00793507157474271,0.00182748686794629,-0.304913427233988,-0.790367200180409,0.182915773974957,306,153,0.114110992834067,0.436715612365795,M5_lag10_prevalence_Unweighted
