lag_years,outcome_year,exposure_year,observed_exact,interpolation_used
0,1990,1990,TRUE,FALSE
0,1995,1995,TRUE,FALSE
0,2000,2000,TRUE,FALSE
0,2005,2005,TRUE,FALSE
0,2010,2010,TRUE,FALSE
0,2015,2015,TRUE,FALSE
0,2018,2018,TRUE,FALSE
5,1990,1985,FALSE,TRUE
5,1995,1990,TRUE,FALSE
5,2000,1995,TRUE,FALSE
5,2005,2000,TRUE,FALSE
5,2010,2005,TRUE,FALSE
5,2015,2010,TRUE,FALSE
5,2018,2013,FALSE,TRUE
10,1990,1980,FALSE,TRUE
10,1995,1985,FALSE,TRUE
10,2000,1990,TRUE,FALSE
10,2005,1995,TRUE,FALSE
10,2010,2000,TRUE,FALSE
10,2015,2005,TRUE,FALSE
10,2018,2008,FALSE,TRUE
15,1990,1975,FALSE,TRUE
15,1995,1980,FALSE,TRUE
15,2000,1985,FALSE,TRUE
15,2005,1990,TRUE,FALSE
15,2010,1995,TRUE,FALSE
15,2015,2000,TRUE,FALSE
15,2018,2003,FALSE,TRUE
