analysis,lag_years,outcome_code,outcome_label,diet,increment_label,fit_status,beta,standard_error,p_value,beta_lower_95,beta_upper_95,percent_difference,percent_difference_lower_95,percent_difference_upper_95,observations,countries,q_value_bh
Interpolation-based exploratory analysis,0,daly,Dementia DALY rate,mPHDI,per 10-point higher mPHDI,SUCCESS,-0.00759782422664737,0.0054939282548433,0.168356341213375,-0.0184370180176061,0.00324136956431139,-0.756903372136697,-1.8268095933803,0.324662848313562,1295,185,0.628150411295061
Interpolation-based exploratory analysis,0,daly,Dementia DALY rate,MED,per 1-point higher MED,SUCCESS,0.00222521258918633,0.00321863726297767,0.490215460848871,-0.00412496735818743,0.00857539253656008,0.222769021212499,-0.411647136624538,0.861226654279834,1295,185,0.653620614465161
Interpolation-based exploratory analysis,0,daly,Dementia DALY rate,DASH,per 5-point higher DASH,SUCCESS,-0.000626758170735383,0.0065553047941927,0.9239337077304,-0.0135599847669175,0.0123064684254467,-0.0626561798861114,-1.34684623215025,1.23825046001205,1295,185,0.9239337077304
Interpolation-based exploratory analysis,0,daly,Dementia DALY rate,AHEI,per 10-point higher AHEI,SUCCESS,-0.00556274542055507,0.00551056369861513,0.314075205647531,-0.0164347599529719,0.00530926911186177,-0.554730200145404,-1.63004460975663,0.532338825750145,1295,185,0.628150411295061
Interpolation-based exploratory analysis,0,prevalence,Dementia prevalence rate,mPHDI,per 10-point higher mPHDI,SUCCESS,-3.27196389611525e-05,0.00185066974516968,0.985913379313154,-0.00368398100977979,0.00361854173185749,-0.00327191036796348,-0.367720347706135,0.362509655790921,1295,185,0.985913379313154
Interpolation-based exploratory analysis,0,prevalence,Dementia prevalence rate,MED,per 1-point higher MED,SUCCESS,-0.000287455278812167,0.00108625247853038,0.791590499715086,-0.00243056683297568,0.00185565627535135,-0.0287413967501982,-0.242761539711589,0.185737907093153,1295,185,0.985913379313154
Interpolation-based exploratory analysis,0,prevalence,Dementia prevalence rate,DASH,per 5-point higher DASH,SUCCESS,0.00175742515305165,0.00217498890074711,0.420124951079599,-0.00253369862847919,0.0060485489345825,0.175897032968075,-0.253049152329365,0.606687834349695,1295,185,0.840249902159198
Interpolation-based exploratory analysis,0,prevalence,Dementia prevalence rate,AHEI,per 10-point higher AHEI,SUCCESS,0.00186260251241932,0.00184010524372428,0.312759182425482,-0.00176781572518755,0.0054930207500262,0.18643382339647,-0.176625405934983,0.550813505022196,1295,185,0.840249902159198
Interpolation-based exploratory analysis,5,daly,Dementia DALY rate,mPHDI,per 10-point higher mPHDI,SUCCESS,-0.0157654322375357,0.00666928407110818,0.0191267691750975,-0.0289235331701365,-0.00260733130493478,-1.56418083248084,-2.85092515557863,-0.260393516892643,1110,185,0.0603689438338693
Interpolation-based exploratory analysis,5,daly,Dementia DALY rate,MED,per 1-point higher MED,SUCCESS,0.000712444790466311,0.00317486245178727,0.82269367476442,-0.00555137005717447,0.00697625963810709,0.0712698639536935,-0.553598967630864,0.700065042320364,1110,185,0.82269367476442
Interpolation-based exploratory analysis,5,daly,Dementia DALY rate,DASH,per 5-point higher DASH,SUCCESS,-0.00377073995909737,0.0069840204416088,0.589912177845323,-0.0175497970372234,0.0100083171190287,-0.376363964645898,-1.73966962865407,1.00585678265674,1110,185,0.786549570460431
Interpolation-based exploratory analysis,5,daly,Dementia DALY rate,AHEI,per 10-point higher AHEI,SUCCESS,-0.0134007940495797,0.00613428912568222,0.0301844719169347,-0.0255033817643764,-0.00129820633478312,-1.33114031574944,-2.51809176482792,-0.129736402947411,1110,185,0.0603689438338693
Interpolation-based exploratory analysis,5,prevalence,Dementia prevalence rate,mPHDI,per 10-point higher mPHDI,SUCCESS,-0.00109644411177348,0.00169255539848167,0.517919234167359,-0.00443575527767794,0.00224286705413098,-0.109584323655709,-0.44259318453842,0.224538416193654,1110,185,0.999869001457568
Interpolation-based exploratory analysis,5,prevalence,Dementia prevalence rate,MED,per 1-point higher MED,SUCCESS,-0.000828390000443379,0.000967430840515034,0.39295763209966,-0.0027370735276533,0.00108029352676654,-0.0828046980171693,-0.27333311570652,0.108087725399852,1110,185,0.999869001457568
Interpolation-based exploratory analysis,5,prevalence,Dementia prevalence rate,DASH,per 5-point higher DASH,SUCCESS,1.09133844028422e-05,0.00197973197125364,0.995607610599956,-0.00389498008474786,0.00391680685355355,0.0010913443954097,-0.388740448860792,0.392448756619945,1110,185,0.999869001457568
Interpolation-based exploratory analysis,5,prevalence,Dementia prevalence rate,AHEI,per 10-point higher AHEI,SUCCESS,-2.99872434206765e-07,0.00182397999167026,0.999869001457568,-0.00359890394650746,0.00359830420163905,-2.99872389253331e-05,-0.359243565361422,0.360478587020952,1110,185,0.999869001457568
Interpolation-based exploratory analysis,10,daly,Dementia DALY rate,mPHDI,per 10-point higher mPHDI,SUCCESS,-0.0177741299488217,0.00609410142502955,0.00397901926028958,-0.0297974297196953,-0.00575083017794814,-1.76171018235766,-2.93578631154163,-0.573432580718103,925,185,0.0159160770411583
Interpolation-based exploratory analysis,10,daly,Dementia DALY rate,MED,per 1-point higher MED,SUCCESS,-0.00242952745142986,0.00295984254941999,0.412805301842171,-0.00826912081626964,0.00341006591340992,-0.242657853824979,-0.823502568038981,0.341588680283511,925,185,0.412805301842171
Interpolation-based exploratory analysis,10,daly,Dementia DALY rate,DASH,per 5-point higher DASH,SUCCESS,-0.00669163025465009,0.00628825745494403,0.28865662536654,-0.0190979883284913,0.00571472781919112,-0.666929115302739,-1.89167771725031,0.573108802607747,925,185,0.38487550048872
Interpolation-based exploratory analysis,10,daly,Dementia DALY rate,AHEI,per 10-point higher AHEI,SUCCESS,-0.0146082884793689,0.00606371492091937,0.0169765790805366,-0.026571637484342,-0.00264493947439582,-1.45021051144533,-2.62217176896569,-0.264144470381544,925,185,0.0339531581610733
Interpolation-based exploratory analysis,10,prevalence,Dementia prevalence rate,mPHDI,per 10-point higher mPHDI,SUCCESS,-0.00129455380756128,0.00142968882353749,0.366395587797085,-0.00411524485051934,0.00152613723539677,-0.129371623424779,-0.410678883393256,0.152730237547316,925,185,0.882457478502318
Interpolation-based exploratory analysis,10,prevalence,Dementia prevalence rate,MED,per 1-point higher MED,SUCCESS,-0.000241893936314966,0.000913169728733419,0.791386993498489,-0.00204352351621582,0.00155973564358589,-0.0241864682335557,-0.204143694359726,0.156095266388578,925,185,0.882457478502318
Interpolation-based exploratory analysis,10,prevalence,Dementia prevalence rate,DASH,per 5-point higher DASH,SUCCESS,0.000786450581564599,0.00159583489576026,0.622731243091164,-0.00236203678324051,0.00393493794636971,0.0786759914909618,-0.235924936944776,0.394268997927827,925,185,0.882457478502318
Interpolation-based exploratory analysis,10,prevalence,Dementia prevalence rate,AHEI,per 10-point higher AHEI,SUCCESS,0.000221468531242696,0.00149580174914291,0.882457478502318,-0.00272965938301826,0.00317259644550365,0.0221493057208422,-0.272593725033299,0.31776344560559,925,185,0.882457478502318
Interpolation-based exploratory analysis,15,daly,Dementia DALY rate,mPHDI,per 10-point higher mPHDI,SUCCESS,-0.0105278837879197,0.00584032800098588,0.0730846022421386,-0.0220505036819165,0.000994736106077124,-1.04726595872867,-2.18091684349194,0.0995231020126885,740,185,0.292338408968554
Interpolation-based exploratory analysis,15,daly,Dementia DALY rate,MED,per 1-point higher MED,SUCCESS,-0.00235872713457282,0.00376500420736215,0.531771863155818,-0.00978685657754411,0.00506940230839846,-0.235594752360258,-0.973912115022624,0.508227346878609,740,185,0.531771863155818
Interpolation-based exploratory analysis,15,daly,Dementia DALY rate,DASH,per 5-point higher DASH,SUCCESS,-0.00643299353402913,0.00752075646953098,0.393461420209596,-0.0212709988822038,0.00840501181414559,-0.64123461297223,-2.10463667215061,0.844043309515774,740,185,0.524615226946128
Interpolation-based exploratory analysis,15,daly,Dementia DALY rate,AHEI,per 10-point higher AHEI,SUCCESS,-0.00803171709766316,0.00741511183822966,0.280156879108632,-0.0226612918696577,0.00659785767433141,-0.799954903709321,-2.24064534143223,0.66196714856952,740,185,0.524615226946128
Interpolation-based exploratory analysis,15,prevalence,Dementia prevalence rate,mPHDI,per 10-point higher mPHDI,SUCCESS,0.00180229811852132,0.00143315740985988,0.210140456320059,-0.00102523623901695,0.00462983247605959,0.180392323394285,-0.102471086390388,0.464056670994584,740,185,0.420280912640118
Interpolation-based exploratory analysis,15,prevalence,Dementia prevalence rate,MED,per 1-point higher MED,SUCCESS,-0.000137704385364542,0.00107578651671896,0.898286035424824,-0.00226016721915521,0.00198475844842612,-0.0137694904550845,-0.225761496442889,0.198672938520428,740,185,0.898286035424824
Interpolation-based exploratory analysis,15,prevalence,Dementia prevalence rate,DASH,per 5-point higher DASH,SUCCESS,0.00117696296514726,0.00169851928901704,0.489224207568659,-0.0021741146021848,0.00452804053247932,0.117765585786755,-0.217175292686067,0.453830759872598,740,185,0.652298943424879
Interpolation-based exploratory analysis,15,prevalence,Dementia prevalence rate,AHEI,per 10-point higher AHEI,SUCCESS,0.00217239050668566,0.00169088616061217,0.200489620821996,-0.00116362735215116,0.00550840836552249,0.217475185655758,-0.116295060036486,0.552360754182457,740,185,0.420280912640118
