outcome_code,outcome_label,family,diet,increment_label,full_estimate,full_lower_95,full_upper_95,range_after_country_omission_min,range_after_country_omission_max,maximum_absolute_change_percentage_points
daly,Dementia DALY rate,Health,AHEI,per 10-point higher AHEI,-1.14412947347906,-2.23815972250899,-0.0378561837862779,-1.3500796643691,-0.942861553389685,0.205950190890036
daly,Dementia DALY rate,Health,DASH,per 5-point higher DASH,-0.60722893695534,-1.72484044033,0.523092344536935,-0.805213935510929,-0.401610195334112,0.205618741621227
daly,Dementia DALY rate,Health,MED,per 1-point higher MED,-0.252419772852797,-0.682187144731328,0.179207285507155,-0.339082609488928,-0.18437080177991,0.0866628366361311
daly,Dementia DALY rate,Health,mPHDI,per 10-point higher mPHDI,-1.32302324663987,-2.2715947825079,-0.365244684865107,-1.42598728425699,-1.10326454744957,0.219758699190298
eutrophication,Eutrophication,Environment,AHEI,per 10-point higher AHEI,2.66391336743166,-3.48148452943758,9.20059282439041,1.47417623232005,3.86421326757567,1.20029990014401
eutrophication,Eutrophication,Environment,DASH,per 5-point higher DASH,-4.22866131293096,-10.4364952087203,2.40945053778567,-5.53774242788843,-3.26062501827381,1.30908111495747
eutrophication,Eutrophication,Environment,MED,per 1-point higher MED,2.38718466506562,-0.062980041943006,4.89742027566924,2.0263616580745,2.94518523060348,0.558000565537853
eutrophication,Eutrophication,Environment,mPHDI,per 10-point higher mPHDI,-1.2835935341373,-6.21362653465472,3.9055946558616,-1.96333868197959,-0.358985946909485,0.92460758722781
ghg,GHG emissions,Environment,AHEI,per 10-point higher AHEI,-5.82420204983628,-12.108071541905,0.908935270189848,-6.97624790192837,-4.56145407700378,1.2627479728325
ghg,GHG emissions,Environment,DASH,per 5-point higher DASH,-6.83681909905886,-12.9177611232307,-0.331245641677447,-8.04931865541366,-5.74669729272649,1.21249955635481
ghg,GHG emissions,Environment,MED,per 1-point higher MED,-0.663715837422807,-3.11194818984366,1.84638009404063,-1.01130417658952,-0.0480541230263309,0.615661714396476
ghg,GHG emissions,Environment,mPHDI,per 10-point higher mPHDI,-8.15772824652015,-13.277017710095,-2.73624524762308,-9.01662555730971,-7.21874455768475,0.938983688835394
land,Land use,Environment,AHEI,per 10-point higher AHEI,-9.57182059356365,-16.633100867331,-1.91244107868932,-10.7410507502722,-7.90988581949566,1.661934774068
land,Land use,Environment,DASH,per 5-point higher DASH,-8.50568343560405,-15.4377656814988,-1.00533611664068,-9.71904576224648,-7.24348251266306,1.26220092294099
land,Land use,Environment,MED,per 1-point higher MED,-1.63446865714997,-4.53097867765023,1.34992086795454,-2.18024631551248,-0.88879515402378,0.745673503126187
land,Land use,Environment,mPHDI,per 10-point higher mPHDI,-11.3948616825597,-17.2825235054483,-5.08812805997734,-12.4626108899497,-10.1239225074797,1.27093917508004
prevalence,Dementia prevalence rate,Health,AHEI,per 10-point higher AHEI,0.0253909747514047,-0.238821089907937,0.290302790715535,-0.018521750487388,0.07591670655136,0.0505257317999552
prevalence,Dementia prevalence rate,Health,DASH,per 5-point higher DASH,0.134049324440322,-0.146273950122877,0.415159561507283,0.103088341124802,0.19160108470293,0.0575517602626086
prevalence,Dementia prevalence rate,Health,MED,per 1-point higher MED,-0.0429876243987493,-0.198540252652824,0.112807451412889,-0.0649894439829102,-0.00829666729249556,0.0346909571062537
prevalence,Dementia prevalence rate,Health,mPHDI,per 10-point higher mPHDI,-0.104930474160114,-0.369403630570697,0.160244736167758,-0.157688251757038,-0.0666622372698988,0.0527577775969235
water,Water-scarcity,Environment,AHEI,per 10-point higher AHEI,7.13942980757514,3.1835259921031,11.2469971259833,6.39335222152075,7.7317405259425,0.746077586054383
water,Water-scarcity,Environment,DASH,per 5-point higher DASH,5.56901051665444,1.71937266122579,9.5643404976854,5.04600715873007,6.12364709419184,0.554636577537404
water,Water-scarcity,Environment,MED,per 1-point higher MED,2.24666700734404,0.849439686050801,3.66325233591474,2.0095907153147,2.42744661115311,0.237076292029337
water,Water-scarcity,Environment,mPHDI,per 10-point higher mPHDI,3.59012104178831,0.429684625080284,6.85001369378517,2.99480372661167,4.04422242782556,0.595317315176636
