variable,n_rows,n_missing,missing_percent,observed_years
diet_mphdi_score,1295,0,0,"1990, 1995, 2000, 2005, 2010, 2015, 2018"
diet_med_score,1295,0,0,"1990, 1995, 2000, 2005, 2010, 2015, 2018"
diet_dash_score,1295,0,0,"1990, 1995, 2000, 2005, 2010, 2015, 2018"
diet_ahei_score,1295,0,0,"1990, 1995, 2000, 2005, 2010, 2015, 2018"
env_ghg_kg_co2e_person_day,1295,0,0,"1990, 1995, 2000, 2005, 2010, 2015, 2018"
env_land_m2_person_day,1295,0,0,"1990, 1995, 2000, 2005, 2010, 2015, 2018"
env_water_scarcity_l_equivalent_person_day,1295,0,0,"1990, 1995, 2000, 2005, 2010, 2015, 2018"
env_eutrophication_g_po4e_person_day,1295,0,0,"1990, 1995, 2000, 2005, 2010, 2015, 2018"
sdi,1295,0,0,"1990, 1995, 2000, 2005, 2010, 2015, 2018"
env_coverage_proportion,1295,0,0,"1990, 1995, 2000, 2005, 2010, 2015, 2018"
population_60plus_from_gbd,1295,0,0,"1990, 1995, 2000, 2005, 2010, 2015, 2018"
