model_id,family,diet_code,diet_pattern,exposure_unit,outcome_code,outcome,unit,specification,specification_id,sample_definition,adjustment,weighting,fixed_effects,clustered_by,temporal_relation,food_scope,primary_model,term,beta,standard_error,p_value,beta_lower_95,beta_upper_95,percent_difference,percent_difference_lower_95,percent_difference_upper_95,observations,countries,within_r_squared,q_value_bh,fdr_family,estimate_95ci,p_value_display,q_value_bh_display
E_ghg_diet_mphdi_score_unadjusted,Environment,diet_mphdi_score,mPHDI,per 10-point higher mPHDI,ghg,GHG emissions,kg CO2-eq/person/day,Unadjusted,unadjusted,All available country-years,No time-varying covariates,Unweighted,Country and calendar year,Country,Concurrent,15 parameterized GDD food groups; not total diet,FALSE,x_diet_mphdi_score,-0.0742650291540513,0.028493809033601,0.00990082484131476,-0.130481620203543,-0.0180484381045599,-7.15743986198442,-12.2327375755317,-1.78865405083002,1295,185,0.0241930813069102,0.0396032993652591,ghg_unadjusted_Unweighted,-7.16% (-12.23% to -1.79%),0.00990,0.03960
E_ghg_diet_mphdi_score_primary,Environment,diet_mphdi_score,mPHDI,per 10-point higher mPHDI,ghg,GHG emissions,kg CO2-eq/person/day,Primary analysis,primary,All available country-years,SDI and continuous environmental intake coverage,Unweighted,Country and calendar year,Country,Concurrent,15 parameterized GDD food groups; not total diet,TRUE,x_diet_mphdi_score,-0.0850975177310415,0.0290701823245051,0.0038505844701922,-0.142451259013708,-0.027743776448375,-8.15772824652015,-13.277017710095,-2.73624524762308,1295,185,0.0474794203794652,0.0154023378807688,ghg_primary_Unweighted,-8.16% (-13.28% to -2.74%),0.00385,0.01540
E_ghg_diet_mphdi_score_coverage80,Environment,diet_mphdi_score,mPHDI,per 10-point higher mPHDI,ghg,GHG emissions,kg CO2-eq/person/day,Coverage >=80%,coverage80,Country-years with environmental coverage >=80%,SDI,Unweighted,Country and calendar year,Country,Concurrent,15 parameterized GDD food groups; not total diet,FALSE,x_diet_mphdi_score,-0.0635544347266851,0.0301174262972797,0.0362288111977162,-0.122985315692427,-0.00412355376094296,-6.15769648911315,-11.5723352544246,-0.41150635870385,1159,180,0.0344308746239443,0.144915244790865,ghg_coverage80_Unweighted,-6.16% (-11.57% to -0.41%),0.03623,0.14492
E_ghg_diet_mphdi_score_coverage80_adjusted,Environment,diet_mphdi_score,mPHDI,per 10-point higher mPHDI,ghg,GHG emissions,kg CO2-eq/person/day,Coverage >=80% with additional adjustment for coverage,coverage80_adjusted,Country-years with environmental coverage >=80%,SDI and continuous environmental intake coverage,Unweighted,Country and calendar year,Country,Concurrent,15 parameterized GDD food groups; not total diet,FALSE,x_diet_mphdi_score,-0.0781210656439712,0.0294479585928221,0.00869899275469754,-0.136230882350726,-0.0200112489372167,-7.51475480921332,-12.7358868207711,-1.98123528245644,1159,180,0.0558113153096276,0.0347959710187902,ghg_coverage80_adjusted_Unweighted,-7.51% (-12.74% to -1.98%),0.00870,0.03480
E_ghg_diet_mphdi_score_population_weighted,Environment,diet_mphdi_score,mPHDI,per 10-point higher mPHDI,ghg,GHG emissions,kg CO2-eq/person/day,Population weighted,population_weighted,All available country-years,SDI and continuous environmental intake coverage,Population aged 60+,Country and calendar year,Country,Concurrent,15 parameterized GDD food groups; not total diet,FALSE,x_diet_mphdi_score,0.0456006952385975,0.0916470242484071,0.619382129470993,-0.135213434490425,0.22641482496762,4.66563926230093,-12.6470549523019,25.4095787635357,1295,185,0.165171893734961,0.825842839294658,ghg_population_weighted_Population aged 60+,4.67% (-12.65% to 25.41%),0.61938,0.82584
E_land_diet_mphdi_score_unadjusted,Environment,diet_mphdi_score,mPHDI,per 10-point higher mPHDI,land,Land use,m2/person/day,Unadjusted,unadjusted,All available country-years,No time-varying covariates,Unweighted,Country and calendar year,Country,Concurrent,15 parameterized GDD food groups; not total diet,FALSE,x_diet_mphdi_score,-0.10959469675025,0.0338108617964225,0.00141197902970678,-0.176301516761536,-0.0428878767389648,-10.3802706627597,-16.163483592489,-4.19811997626555,1295,185,0.0377371644178238,0.0056479161188271,land_unadjusted_Unweighted,-10.38% (-16.16% to -4.20%),0.00141,0.00565
E_land_diet_mphdi_score_primary,Environment,diet_mphdi_score,mPHDI,per 10-point higher mPHDI,land,Land use,m2/person/day,Primary analysis,primary,All available country-years,SDI and continuous environmental intake coverage,Unweighted,Country and calendar year,Country,Concurrent,15 parameterized GDD food groups; not total diet,TRUE,x_diet_mphdi_score,-0.120980335505173,0.0348509979417697,0.000645257587063761,-0.189739282287218,-0.0522213887231274,-11.3948616825597,-17.2825235054483,-5.08812805997734,1295,185,0.0613072478261519,0.00258103034825504,land_primary_Unweighted,-11.39% (-17.28% to -5.09%),< 0.001,0.00258
E_land_diet_mphdi_score_coverage80,Environment,diet_mphdi_score,mPHDI,per 10-point higher mPHDI,land,Land use,m2/person/day,Coverage >=80%,coverage80,Country-years with environmental coverage >=80%,SDI,Unweighted,Country and calendar year,Country,Concurrent,15 parameterized GDD food groups; not total diet,FALSE,x_diet_mphdi_score,-0.101154292746925,0.0363025927375917,0.0059040881078126,-0.172790396258549,-0.0295181892353018,-9.62064266657411,-15.8686061085783,-2.90867826883865,1159,180,0.04989337518378,0.0236163524312504,land_coverage80_Unweighted,-9.62% (-15.87% to -2.91%),0.00590,0.02362
E_land_diet_mphdi_score_coverage80_adjusted,Environment,diet_mphdi_score,mPHDI,per 10-point higher mPHDI,land,Land use,m2/person/day,Coverage >=80% with additional adjustment for coverage,coverage80_adjusted,Country-years with environmental coverage >=80%,SDI and continuous environmental intake coverage,Unweighted,Country and calendar year,Country,Concurrent,15 parameterized GDD food groups; not total diet,FALSE,x_diet_mphdi_score,-0.116036808021449,0.0357606415906868,0.00140256170164657,-0.186603476390009,-0.0454701396528895,-10.9557552730432,-17.0227304374217,-4.44518648550477,1159,180,0.0659892515177505,0.00561024680658627,land_coverage80_adjusted_Unweighted,-10.96% (-17.02% to -4.45%),0.00140,0.00561
E_land_diet_mphdi_score_population_weighted,Environment,diet_mphdi_score,mPHDI,per 10-point higher mPHDI,land,Land use,m2/person/day,Population weighted,population_weighted,All available country-years,SDI and continuous environmental intake coverage,Population aged 60+,Country and calendar year,Country,Concurrent,15 parameterized GDD food groups; not total diet,FALSE,x_diet_mphdi_score,0.0602113025392308,0.124651608983497,0.62964391297149,-0.185718910498377,0.306141515576838,6.20609390104068,-16.9492991023468,35.8174495795906,1295,185,0.179650148157097,0.792714933964125,land_population_weighted_Population aged 60+,6.21% (-16.95% to 35.82%),0.62964,0.79271
E_water_diet_mphdi_score_unadjusted,Environment,diet_mphdi_score,mPHDI,per 10-point higher mPHDI,water,Scarcity-weighted water use,L-eq/person/day,Unadjusted,unadjusted,All available country-years,No time-varying covariates,Unweighted,Country and calendar year,Country,Concurrent,15 parameterized GDD food groups; not total diet,FALSE,x_diet_mphdi_score,0.0436261650038244,0.0150842499512976,0.0042872637864661,0.0138658367233746,0.0733864932842741,4.4591776924205,1.39624132927894,7.61463798979933,1295,185,0.0190326419799666,0.0042872637864661,water_unadjusted_Unweighted,4.46% (1.40% to 7.61%),0.00429,0.00429
E_water_diet_mphdi_score_primary,Environment,diet_mphdi_score,mPHDI,per 10-point higher mPHDI,water,Scarcity-weighted water use,L-eq/person/day,Primary analysis,primary,All available country-years,SDI and continuous environmental intake coverage,Unweighted,Country and calendar year,Country,Concurrent,15 parameterized GDD food groups; not total diet,TRUE,x_diet_mphdi_score,0.0352717825510533,0.0157045489812089,0.0258959343787689,0.00428764116608685,0.0662559239360198,3.59012104178831,0.429684625080284,6.85001369378517,1295,185,0.0474477799995305,0.0258959343787689,water_primary_Unweighted,3.59% (0.43% to 6.85%),0.02590,0.02590
E_water_diet_mphdi_score_coverage80,Environment,diet_mphdi_score,mPHDI,per 10-point higher mPHDI,water,Scarcity-weighted water use,L-eq/person/day,Coverage >=80%,coverage80,Country-years with environmental coverage >=80%,SDI,Unweighted,Country and calendar year,Country,Concurrent,15 parameterized GDD food groups; not total diet,FALSE,x_diet_mphdi_score,0.0479930246035902,0.0164294813947454,0.0039366208759679,0.0155726396921417,0.0804134095150386,4.91633369687723,1.56945251163214,8.37350014399143,1159,180,0.0426269916491306,0.0039366208759679,water_coverage80_Unweighted,4.92% (1.57% to 8.37%),0.00394,0.00394
E_water_diet_mphdi_score_coverage80_adjusted,Environment,diet_mphdi_score,mPHDI,per 10-point higher mPHDI,water,Scarcity-weighted water use,L-eq/person/day,Coverage >=80% with additional adjustment for coverage,coverage80_adjusted,Country-years with environmental coverage >=80%,SDI and continuous environmental intake coverage,Unweighted,Country and calendar year,Country,Concurrent,15 parameterized GDD food groups; not total diet,FALSE,x_diet_mphdi_score,0.0356833757141474,0.0168250514839959,0.0353115684415672,0.00248241019611582,0.0688843412321789,3.63276680312306,0.24854939274741,7.13122953225955,1159,180,0.0762667851967886,0.0353115684415672,water_coverage80_adjusted_Unweighted,3.63% (0.25% to 7.13%),0.03531,0.03531
E_water_diet_mphdi_score_population_weighted,Environment,diet_mphdi_score,mPHDI,per 10-point higher mPHDI,water,Scarcity-weighted water use,L-eq/person/day,Population weighted,population_weighted,All available country-years,SDI and continuous environmental intake coverage,Population aged 60+,Country and calendar year,Country,Concurrent,15 parameterized GDD food groups; not total diet,FALSE,x_diet_mphdi_score,0.0777235300027892,0.0449655165227683,0.0855735914838271,-0.010990760554459,0.166437820560037,8.08238020060101,-1.09305828138319,18.1090094066518,1295,185,0.12903124127093,0.114098121978436,water_population_weighted_Population aged 60+,8.08% (-1.09% to 18.11%),0.08557,0.11410
E_eutrophication_diet_mphdi_score_unadjusted,Environment,diet_mphdi_score,mPHDI,per 10-point higher mPHDI,eutrophication,Eutrophication potential,g PO4-eq/person/day,Unadjusted,unadjusted,All available country-years,No time-varying covariates,Unweighted,Country and calendar year,Country,Concurrent,15 parameterized GDD food groups; not total diet,FALSE,x_diet_mphdi_score,-0.0109407947298618,0.0261438806999392,0.676081350941748,-0.0625211168981626,0.0406395274384389,-1.08811619101505,-6.06067744670527,4.1476614129468,1295,185,0.00054782415350596,0.676081350941748,eutrophication_unadjusted_Unweighted,-1.09% (-6.06% to 4.15%),0.67608,0.67608
E_eutrophication_diet_mphdi_score_primary,Environment,diet_mphdi_score,mPHDI,per 10-point higher mPHDI,eutrophication,Eutrophication potential,g PO4-eq/person/day,Primary analysis,primary,All available country-years,SDI and continuous environmental intake coverage,Unweighted,Country and calendar year,Country,Concurrent,15 parameterized GDD food groups; not total diet,TRUE,x_diet_mphdi_score,-0.0129190277712841,0.0259671205905066,0.619420063346533,-0.064150612753408,0.0383125572108398,-1.2835935341373,-6.21362653465472,3.9055946558616,1295,185,0.0167093396485205,0.619420063346533,eutrophication_primary_Unweighted,-1.28% (-6.21% to 3.91%),0.61942,0.61942
E_eutrophication_diet_mphdi_score_coverage80,Environment,diet_mphdi_score,mPHDI,per 10-point higher mPHDI,eutrophication,Eutrophication potential,g PO4-eq/person/day,Coverage >=80%,coverage80,Country-years with environmental coverage >=80%,SDI,Unweighted,Country and calendar year,Country,Concurrent,15 parameterized GDD food groups; not total diet,FALSE,x_diet_mphdi_score,0.00869021122004714,0.0268063097304612,0.746176261797793,-0.0442068254323094,0.0615872478724037,0.872808072408038,-4.32439444766243,6.35232826247068,1159,180,0.0183524152289829,0.746176261797793,eutrophication_coverage80_Unweighted,0.87% (-4.32% to 6.35%),0.74618,0.74618
E_eutrophication_diet_mphdi_score_coverage80_adjusted,Environment,diet_mphdi_score,mPHDI,per 10-point higher mPHDI,eutrophication,Eutrophication potential,g PO4-eq/person/day,Coverage >=80% with additional adjustment for coverage,coverage80_adjusted,Country-years with environmental coverage >=80%,SDI and continuous environmental intake coverage,Unweighted,Country and calendar year,Country,Concurrent,15 parameterized GDD food groups; not total diet,FALSE,x_diet_mphdi_score,-0.00374822576395829,0.0260290512206095,0.885661176346911,-0.0551114939753249,0.0476150424474083,-0.374120993414484,-5.36203735556319,4.87668468862867,1159,180,0.0342986765424613,0.885661176346911,eutrophication_coverage80_adjusted_Unweighted,-0.37% (-5.36% to 4.88%),0.88566,0.88566
E_eutrophication_diet_mphdi_score_population_weighted,Environment,diet_mphdi_score,mPHDI,per 10-point higher mPHDI,eutrophication,Eutrophication potential,g PO4-eq/person/day,Population weighted,population_weighted,All available country-years,SDI and continuous environmental intake coverage,Population aged 60+,Country and calendar year,Country,Concurrent,15 parameterized GDD food groups; not total diet,FALSE,x_diet_mphdi_score,0.0949067058188465,0.0780071900176657,0.22529933990033,-0.0589968419648767,0.24881025360257,9.95562681391247,-5.72902537371114,28.249866048047,1295,185,0.197979437138369,0.300399119867106,eutrophication_population_weighted_Population aged 60+,9.96% (-5.73% to 28.25%),0.22530,0.30040
E_ghg_diet_med_score_unadjusted,Environment,diet_med_score,MED,per 1-point higher MED,ghg,GHG emissions,kg CO2-eq/person/day,Unadjusted,unadjusted,All available country-years,No time-varying covariates,Unweighted,Country and calendar year,Country,Concurrent,15 parameterized GDD food groups; not total diet,FALSE,x_diet_med_score,-0.0039291085440899,0.0128123138640309,0.759443921128618,-0.0292070420082537,0.0213488249200739,-0.392139969671856,-2.87846387299258,2.15783414758433,1295,185,0.000234921616840578,0.759443921128618,ghg_unadjusted_Unweighted,-0.39% (-2.88% to 2.16%),0.75944,0.75944
E_ghg_diet_med_score_primary,Environment,diet_med_score,MED,per 1-point higher MED,ghg,GHG emissions,kg CO2-eq/person/day,Primary analysis,primary,All available country-years,SDI and continuous environmental intake coverage,Unweighted,Country and calendar year,Country,Concurrent,15 parameterized GDD food groups; not total diet,TRUE,x_diet_med_score,-0.00665928225735127,0.0126484788736481,0.599182717082873,-0.0316139790267269,0.0182954145120244,-0.663715837422807,-3.11194818984366,1.84638009404063,1295,185,0.0186050147678933,0.599182717082873,ghg_primary_Unweighted,-0.66% (-3.11% to 1.85%),0.59918,0.59918
E_ghg_diet_med_score_coverage80,Environment,diet_med_score,MED,per 1-point higher MED,ghg,GHG emissions,kg CO2-eq/person/day,Coverage >=80%,coverage80,Country-years with environmental coverage >=80%,SDI,Unweighted,Country and calendar year,Country,Concurrent,15 parameterized GDD food groups; not total diet,FALSE,x_diet_med_score,0.000314623473063367,0.0142249322926797,0.982378664690696,-0.0277555127161084,0.0283847596622352,0.0314672972219432,-2.73738675439109,2.87914457292182,1159,180,0.0166915300721149,0.982378664690696,ghg_coverage80_Unweighted,0.03% (-2.74% to 2.88%),0.98238,0.98238
E_ghg_diet_med_score_coverage80_adjusted,Environment,diet_med_score,MED,per 1-point higher MED,ghg,GHG emissions,kg CO2-eq/person/day,Coverage >=80% with additional adjustment for coverage,coverage80_adjusted,Country-years with environmental coverage >=80%,SDI and continuous environmental intake coverage,Unweighted,Country and calendar year,Country,Concurrent,15 parameterized GDD food groups; not total diet,FALSE,x_diet_med_score,-0.0033043275129735,0.014173349760497,0.815921664669653,-0.031272675611098,0.024664020585151,-0.329887423094721,-3.07887432303642,2.49706936136151,1159,180,0.0302921672584239,0.815921664669653,ghg_coverage80_adjusted_Unweighted,-0.33% (-3.08% to 2.50%),0.81592,0.81592
E_ghg_diet_med_score_population_weighted,Environment,diet_med_score,MED,per 1-point higher MED,ghg,GHG emissions,kg CO2-eq/person/day,Population weighted,population_weighted,All available country-years,SDI and continuous environmental intake coverage,Population aged 60+,Country and calendar year,Country,Concurrent,15 parameterized GDD food groups; not total diet,FALSE,x_diet_med_score,0.00128936149173244,0.0193235535819781,0.94687318552326,-0.0368348607931852,0.0394135837766501,0.129019307562639,-3.61647107974198,4.02006047930674,1295,185,0.159483920871221,0.94687318552326,ghg_population_weighted_Population aged 60+,0.13% (-3.62% to 4.02%),0.94687,0.94687
E_land_diet_med_score_unadjusted,Environment,diet_med_score,MED,per 1-point higher MED,land,Land use,m2/person/day,Unadjusted,unadjusted,All available country-years,No time-varying covariates,Unweighted,Country and calendar year,Country,Concurrent,15 parameterized GDD food groups; not total diet,FALSE,x_diet_med_score,-0.0132684724676831,0.0154395079824117,0.391246707928866,-0.0437297037207273,0.017192758785361,-1.3180834323174,-4.27873464720976,1.73414049198219,1295,185,0.00191886532665075,0.391246707928866,land_unadjusted_Unweighted,-1.32% (-4.28% to 1.73%),0.39125,0.39125
E_land_diet_med_score_primary,Environment,diet_med_score,MED,per 1-point higher MED,land,Land use,m2/person/day,Primary analysis,primary,All available country-years,SDI and continuous environmental intake coverage,Unweighted,Country and calendar year,Country,Concurrent,15 parameterized GDD food groups; not total diet,TRUE,x_diet_med_score,-0.0164797345273869,0.0151492860605303,0.278096326366628,-0.046368375184461,0.0134089061296872,-1.63446865714997,-4.53097867765023,1.34992086795454,1295,185,0.021477833707037,0.278096326366628,land_primary_Unweighted,-1.63% (-4.53% to 1.35%),0.27810,0.27810
E_land_diet_med_score_coverage80,Environment,diet_med_score,MED,per 1-point higher MED,land,Land use,m2/person/day,Coverage >=80%,coverage80,Country-years with environmental coverage >=80%,SDI,Unweighted,Country and calendar year,Country,Concurrent,15 parameterized GDD food groups; not total diet,FALSE,x_diet_med_score,-0.0100174352238731,0.0169628686187383,0.55556631384641,-0.0434903560427685,0.0234554855950222,-0.99674278408487,-4.25582124259057,2.37327288790521,1159,180,0.0186004530240785,0.55556631384641,land_coverage80_Unweighted,-1.00% (-4.26% to 2.37%),0.55557,0.55557
E_land_diet_med_score_coverage80_adjusted,Environment,diet_med_score,MED,per 1-point higher MED,land,Land use,m2/person/day,Coverage >=80% with additional adjustment for coverage,coverage80_adjusted,Country-years with environmental coverage >=80%,SDI and continuous environmental intake coverage,Unweighted,Country and calendar year,Country,Concurrent,15 parameterized GDD food groups; not total diet,FALSE,x_diet_med_score,-0.0133838970237862,0.0171588653681481,0.43642164285445,-0.047243579293307,0.0204757852457347,-1.32947309139679,-4.61449700425662,2.06868522626396,1159,180,0.027088441234846,0.43642164285445,land_coverage80_adjusted_Unweighted,-1.33% (-4.61% to 2.07%),0.43642,0.43642
E_land_diet_med_score_population_weighted,Environment,diet_med_score,MED,per 1-point higher MED,land,Land use,m2/person/day,Population weighted,population_weighted,All available country-years,SDI and continuous environmental intake coverage,Population aged 60+,Country and calendar year,Country,Concurrent,15 parameterized GDD food groups; not total diet,FALSE,x_diet_med_score,0.0062120051205105,0.0236046408133642,0.792714933964125,-0.0403585477287142,0.0527825579697352,0.62313396389615,-3.95549879683866,5.42003927220065,1295,185,0.174058874254105,0.792714933964125,land_population_weighted_Population aged 60+,0.62% (-3.96% to 5.42%),0.79271,0.79271
E_water_diet_med_score_unadjusted,Environment,diet_med_score,MED,per 1-point higher MED,water,Scarcity-weighted water use,L-eq/person/day,Unadjusted,unadjusted,All available country-years,No time-varying covariates,Unweighted,Country and calendar year,Country,Concurrent,15 parameterized GDD food groups; not total diet,FALSE,x_diet_med_score,0.0245370147766442,0.00732343636324559,0.000978842395974068,0.0100883102659885,0.0389857192872999,2.48405246482593,1.01393688217415,3.97556350926309,1295,185,0.0208862708979597,0.00130512319463209,water_unadjusted_Unweighted,2.48% (1.01% to 3.98%),< 0.001,0.00131
E_water_diet_med_score_primary,Environment,diet_med_score,MED,per 1-point higher MED,water,Scarcity-weighted water use,L-eq/person/day,Primary analysis,primary,All available country-years,SDI and continuous environmental intake coverage,Unweighted,Country and calendar year,Country,Concurrent,15 parameterized GDD food groups; not total diet,TRUE,x_diet_med_score,0.0222180118983494,0.00697410242237287,0.00169598296349394,0.00845852248247416,0.0359775013142247,2.24666700734404,0.849439686050801,3.66325233591474,1295,185,0.0528928014672302,0.00339196592698789,water_primary_Unweighted,2.25% (0.85% to 3.66%),0.00170,0.00339
E_water_diet_med_score_coverage80,Environment,diet_med_score,MED,per 1-point higher MED,water,Scarcity-weighted water use,L-eq/person/day,Coverage >=80%,coverage80,Country-years with environmental coverage >=80%,SDI,Unweighted,Country and calendar year,Country,Concurrent,15 parameterized GDD food groups; not total diet,FALSE,x_diet_med_score,0.0261291235509116,0.00746939792210966,0.000590999745481905,0.0113897200436884,0.0408685270581348,2.64734818175589,1.14548298644346,4.17151391880573,1159,180,0.0436116810325572,0.00078799966064254,water_coverage80_Unweighted,2.65% (1.15% to 4.17%),< 0.001,< 0.001
E_water_diet_med_score_coverage80_adjusted,Environment,diet_med_score,MED,per 1-point higher MED,water,Scarcity-weighted water use,L-eq/person/day,Coverage >=80% with additional adjustment for coverage,coverage80_adjusted,Country-years with environmental coverage >=80%,SDI and continuous environmental intake coverage,Unweighted,Country and calendar year,Country,Concurrent,15 parameterized GDD food groups; not total diet,FALSE,x_diet_med_score,0.0220944720085561,0.0069626243262998,0.00177424945653927,0.00835508759167191,0.0358338564254403,2.23403624558776,0.839008874733627,3.64836270899691,1159,180,0.0808568105203323,0.00354849891307855,water_coverage80_adjusted_Unweighted,2.23% (0.84% to 3.65%),0.00177,0.00355
E_water_diet_med_score_population_weighted,Environment,diet_med_score,MED,per 1-point higher MED,water,Scarcity-weighted water use,L-eq/person/day,Population weighted,population_weighted,All available country-years,SDI and continuous environmental intake coverage,Population aged 60+,Country and calendar year,Country,Concurrent,15 parameterized GDD food groups; not total diet,FALSE,x_diet_med_score,0.00816521410149826,0.00853950085700675,0.340240953930984,-0.00868271335105902,0.0250131415540556,0.819864037778939,-0.864512745667134,2.53285948470459,1295,185,0.0821256819644903,0.340240953930984,water_population_weighted_Population aged 60+,0.82% (-0.86% to 2.53%),0.34024,0.34024
E_eutrophication_diet_med_score_unadjusted,Environment,diet_med_score,MED,per 1-point higher MED,eutrophication,Eutrophication potential,g PO4-eq/person/day,Unadjusted,unadjusted,All available country-years,No time-varying covariates,Unweighted,Country and calendar year,Country,Concurrent,15 parameterized GDD food groups; not total diet,FALSE,x_diet_med_score,0.0257649948984027,0.0124919712201017,0.040562835941241,0.00111907842390296,0.0504109113729025,2.60997814534225,0.111970482580492,5.17031643902797,1295,185,0.0105394030400455,0.162251343764964,eutrophication_unadjusted_Unweighted,2.61% (0.11% to 5.17%),0.04056,0.16225
E_eutrophication_diet_med_score_primary,Environment,diet_med_score,MED,per 1-point higher MED,eutrophication,Eutrophication potential,g PO4-eq/person/day,Primary analysis,primary,All available country-years,SDI and continuous environmental intake coverage,Unweighted,Country and calendar year,Country,Concurrent,15 parameterized GDD food groups; not total diet,TRUE,x_diet_med_score,0.0235913690302135,0.012276785507131,0.0561983046888514,-0.000629998827023328,0.0478127368874503,2.38718466506562,-0.062980041943006,4.89742027566924,1295,185,0.0247790714676747,0.224793218755406,eutrophication_primary_Unweighted,2.39% (-0.06% to 4.90%),0.05620,0.22479
E_eutrophication_diet_med_score_coverage80,Environment,diet_med_score,MED,per 1-point higher MED,eutrophication,Eutrophication potential,g PO4-eq/person/day,Coverage >=80%,coverage80,Country-years with environmental coverage >=80%,SDI,Unweighted,Country and calendar year,Country,Concurrent,15 parameterized GDD food groups; not total diet,FALSE,x_diet_med_score,0.0313795964567767,0.0137107068969214,0.0232655362755201,0.00432418403527409,0.0584350088782794,3.18771264535815,0.433354680964815,6.01760814227856,1159,180,0.0335974332737149,0.0930621451020805,eutrophication_coverage80_Unweighted,3.19% (0.43% to 6.02%),0.02327,0.09306
E_eutrophication_diet_med_score_coverage80_adjusted,Environment,diet_med_score,MED,per 1-point higher MED,eutrophication,Eutrophication potential,g PO4-eq/person/day,Coverage >=80% with additional adjustment for coverage,coverage80_adjusted,Country-years with environmental coverage >=80%,SDI and continuous environmental intake coverage,Unweighted,Country and calendar year,Country,Concurrent,15 parameterized GDD food groups; not total diet,FALSE,x_diet_med_score,0.0279098809702937,0.0133471585363475,0.037933368663566,0.00157186050417568,0.0542479014364118,2.83030105760922,0.157309652443027,5.57462907392126,1159,180,0.0463856626819877,0.151733474654264,eutrophication_coverage80_adjusted_Unweighted,2.83% (0.16% to 5.57%),0.03793,0.15173
E_eutrophication_diet_med_score_population_weighted,Environment,diet_med_score,MED,per 1-point higher MED,eutrophication,Eutrophication potential,g PO4-eq/person/day,Population weighted,population_weighted,All available country-years,SDI and continuous environmental intake coverage,Population aged 60+,Country and calendar year,Country,Concurrent,15 parameterized GDD food groups; not total diet,FALSE,x_diet_med_score,0.0168838734691344,0.0185596245552543,0.364165641218122,-0.019733162267452,0.0535009092057207,1.70272116255985,-1.95397378024719,5.49579509409592,1295,185,0.176202069445271,0.364165641218122,eutrophication_population_weighted_Population aged 60+,1.70% (-1.95% to 5.50%),0.36417,0.36417
E_ghg_diet_dash_score_unadjusted,Environment,diet_dash_score,DASH,per 5-point higher DASH,ghg,GHG emissions,kg CO2-eq/person/day,Unadjusted,unadjusted,All available country-years,No time-varying covariates,Unweighted,Country and calendar year,Country,Concurrent,15 parameterized GDD food groups; not total diet,FALSE,x_diet_dash_score,-0.0464773891140129,0.0319919828567867,0.147987414285019,-0.109595669123593,0.0166408908955669,-4.54138556355699,-10.3803578065531,1.67801217568113,1295,185,0.00612920535850536,0.295579402362598,ghg_unadjusted_Unweighted,-4.54% (-10.38% to 1.68%),0.14799,0.29558
E_ghg_diet_dash_score_primary,Environment,diet_dash_score,DASH,per 5-point higher DASH,ghg,GHG emissions,kg CO2-eq/person/day,Primary analysis,primary,All available country-years,SDI and continuous environmental intake coverage,Unweighted,Country and calendar year,Country,Concurrent,15 parameterized GDD food groups; not total diet,TRUE,x_diet_dash_score,-0.070817597062148,0.0342127098440226,0.0398566470431578,-0.138317239378424,-0.00331795474587228,-6.83681909905886,-12.9177611232307,-0.331245641677447,1295,185,0.0297200564415332,0.0797132940863156,ghg_primary_Unweighted,-6.84% (-12.92% to -0.33%),0.03986,0.07971
E_ghg_diet_dash_score_coverage80,Environment,diet_dash_score,DASH,per 5-point higher DASH,ghg,GHG emissions,kg CO2-eq/person/day,Coverage >=80%,coverage80,Country-years with environmental coverage >=80%,SDI,Unweighted,Country and calendar year,Country,Concurrent,15 parameterized GDD food groups; not total diet,FALSE,x_diet_dash_score,-0.0438407843436476,0.03473910725545,0.208590351516019,-0.112391653457629,0.0247100847703336,-4.28936683446595,-10.6305829463506,2.50179091409166,1159,180,0.0214306256242799,0.417180703032038,ghg_coverage80_Unweighted,-4.29% (-10.63% to 2.50%),0.20859,0.41718
E_ghg_diet_dash_score_coverage80_adjusted,Environment,diet_dash_score,DASH,per 5-point higher DASH,ghg,GHG emissions,kg CO2-eq/person/day,Coverage >=80% with additional adjustment for coverage,coverage80_adjusted,Country-years with environmental coverage >=80%,SDI and continuous environmental intake coverage,Unweighted,Country and calendar year,Country,Concurrent,15 parameterized GDD food groups; not total diet,FALSE,x_diet_dash_score,-0.07758810156458,0.03538804596528,0.0296337028380295,-0.147419524960899,-0.00775667816826124,-7.46545035806933,-13.7068119996038,-0.772667277101624,1159,180,0.0432824664781052,0.0592674056760589,ghg_coverage80_adjusted_Unweighted,-7.47% (-13.71% to -0.77%),0.02963,0.05927
E_ghg_diet_dash_score_population_weighted,Environment,diet_dash_score,DASH,per 5-point higher DASH,ghg,GHG emissions,kg CO2-eq/person/day,Population weighted,population_weighted,All available country-years,SDI and continuous environmental intake coverage,Population aged 60+,Country and calendar year,Country,Concurrent,15 parameterized GDD food groups; not total diet,FALSE,x_diet_dash_score,0.100525836336531,0.0902655576001704,0.266874453174374,-0.0775627418342276,0.278614414507289,10.5752209921242,-7.46310367708665,32.1297772381584,1295,185,0.175415159348676,0.772340505958903,ghg_population_weighted_Population aged 60+,10.58% (-7.46% to 32.13%),0.26687,0.77234
E_land_diet_dash_score_unadjusted,Environment,diet_dash_score,DASH,per 5-point higher DASH,land,Land use,m2/person/day,Unadjusted,unadjusted,All available country-years,No time-varying covariates,Unweighted,Country and calendar year,Country,Concurrent,15 parameterized GDD food groups; not total diet,FALSE,x_diet_dash_score,-0.0645947900311169,0.0375314427367605,0.0869163404843694,-0.138642095020836,0.00945251495860244,-6.25527506035762,-12.9460456854352,0.949733107515982,1295,185,0.00847975724720995,0.115888453979159,land_unadjusted_Unweighted,-6.26% (-12.95% to 0.95%),0.08692,0.11589
E_land_diet_dash_score_primary,Environment,diet_dash_score,DASH,per 5-point higher DASH,land,Land use,m2/person/day,Primary analysis,primary,All available country-years,SDI and continuous environmental intake coverage,Unweighted,Country and calendar year,Country,Concurrent,15 parameterized GDD food groups; not total diet,TRUE,x_diet_dash_score,-0.0888933296860907,0.0399348538483662,0.027230886945994,-0.167682421897926,-0.0101042374742553,-8.50568343560405,-15.4377656814988,-1.00533611664068,1295,185,0.0318372183691923,0.0363078492613254,land_primary_Unweighted,-8.51% (-15.44% to -1.01%),0.02723,0.03631
E_land_diet_dash_score_coverage80,Environment,diet_dash_score,DASH,per 5-point higher DASH,land,Land use,m2/person/day,Coverage >=80%,coverage80,Country-years with environmental coverage >=80%,SDI,Unweighted,Country and calendar year,Country,Concurrent,15 parameterized GDD food groups; not total diet,FALSE,x_diet_dash_score,-0.0648857961262796,0.040121264281891,0.107586929638756,-0.144057304946325,0.0142857126937656,-6.28255137772461,-13.4161870170022,1.43882411361942,1159,180,0.0249699655099106,0.215173859277512,land_coverage80_Unweighted,-6.28% (-13.42% to 1.44%),0.10759,0.21517
E_land_diet_dash_score_coverage80_adjusted,Environment,diet_dash_score,DASH,per 5-point higher DASH,land,Land use,m2/person/day,Coverage >=80% with additional adjustment for coverage,coverage80_adjusted,Country-years with environmental coverage >=80%,SDI and continuous environmental intake coverage,Unweighted,Country and calendar year,Country,Concurrent,15 parameterized GDD food groups; not total diet,FALSE,x_diet_dash_score,-0.0981854058522303,0.0413597225303755,0.0186584410943941,-0.179800771063596,-0.0165700406408648,-9.35191786765386,-16.4563362014954,-1.6433512649028,1159,180,0.0403144160427353,0.0373168821887883,land_coverage80_adjusted_Unweighted,-9.35% (-16.46% to -1.64%),0.01866,0.03732
E_land_diet_dash_score_population_weighted,Environment,diet_dash_score,DASH,per 5-point higher DASH,land,Land use,m2/person/day,Population weighted,population_weighted,All available country-years,SDI and continuous environmental intake coverage,Population aged 60+,Country and calendar year,Country,Concurrent,15 parameterized GDD food groups; not total diet,FALSE,x_diet_dash_score,0.138089476141183,0.1224784933719,0.261016568698372,-0.103553309003005,0.379732261285371,14.8078271292061,-9.83720434267593,46.1893131644369,1295,185,0.191836688404509,0.719849927683569,land_population_weighted_Population aged 60+,14.81% (-9.84% to 46.19%),0.26102,0.71985
E_water_diet_dash_score_unadjusted,Environment,diet_dash_score,DASH,per 5-point higher DASH,water,Scarcity-weighted water use,L-eq/person/day,Unadjusted,unadjusted,All available country-years,No time-varying covariates,Unweighted,Country and calendar year,Country,Concurrent,15 parameterized GDD food groups; not total diet,FALSE,x_diet_dash_score,0.0678204911868938,0.0168435328684795,8.26829556388715e-05,0.0345892023136029,0.101051780060185,7.01731857170396,3.51943659901637,10.6333926317601,1295,185,0.0297526132630814,0.000165365911277743,water_unadjusted_Unweighted,7.02% (3.52% to 10.63%),< 0.001,< 0.001
E_water_diet_dash_score_primary,Environment,diet_dash_score,DASH,per 5-point higher DASH,water,Scarcity-weighted water use,L-eq/person/day,Primary analysis,primary,All available country-years,SDI and continuous environmental intake coverage,Unweighted,Country and calendar year,Country,Concurrent,15 parameterized GDD food groups; not total diet,TRUE,x_diet_dash_score,0.0541946811994295,0.0188282886202147,0.0044707941920258,0.0170475872367997,0.0913417751620593,5.56901051665444,1.71937266122579,9.5643404976854,1295,185,0.0516112852370327,0.00596105892270107,water_primary_Unweighted,5.57% (1.72% to 9.56%),0.00447,0.00596
E_water_diet_dash_score_coverage80,Environment,diet_dash_score,DASH,per 5-point higher DASH,water,Scarcity-weighted water use,L-eq/person/day,Coverage >=80%,coverage80,Country-years with environmental coverage >=80%,SDI,Unweighted,Country and calendar year,Country,Concurrent,15 parameterized GDD food groups; not total diet,FALSE,x_diet_dash_score,0.0776562738279668,0.0195607022582894,0.00010395328595114,0.0390570337719292,0.116255513884005,8.07511123758711,3.98297873739224,12.3282849832096,1159,180,0.053108809896029,0.00020790657190228,water_coverage80_Unweighted,8.08% (3.98% to 12.33%),< 0.001,< 0.001
E_water_diet_dash_score_coverage80_adjusted,Environment,diet_dash_score,DASH,per 5-point higher DASH,water,Scarcity-weighted water use,L-eq/person/day,Coverage >=80% with additional adjustment for coverage,coverage80_adjusted,Country-years with environmental coverage >=80%,SDI and continuous environmental intake coverage,Unweighted,Country and calendar year,Country,Concurrent,15 parameterized GDD food groups; not total diet,FALSE,x_diet_dash_score,0.0533185417500982,0.0202202818232703,0.009102810214959,0.0134177497544329,0.0932193337457635,5.47655784854282,1.35081717258598,9.77024720611965,1159,180,0.0781487510443091,0.012137080286612,water_coverage80_adjusted_Unweighted,5.48% (1.35% to 9.77%),0.00910,0.01214
E_water_diet_dash_score_population_weighted,Environment,diet_dash_score,DASH,per 5-point higher DASH,water,Scarcity-weighted water use,L-eq/person/day,Population weighted,population_weighted,All available country-years,SDI and continuous environmental intake coverage,Population aged 60+,Country and calendar year,Country,Concurrent,15 parameterized GDD food groups; not total diet,FALSE,x_diet_dash_score,0.133928830231712,0.0426889811752259,0.00198580301957539,0.0497060085578127,0.218151651905611,14.3311447538262,5.09620770970081,24.3775674268578,1295,185,0.164815751179827,0.00794321207830154,water_population_weighted_Population aged 60+,14.33% (5.10% to 24.38%),0.00199,0.00794
E_eutrophication_diet_dash_score_unadjusted,Environment,diet_dash_score,DASH,per 5-point higher DASH,eutrophication,Eutrophication potential,g PO4-eq/person/day,Unadjusted,unadjusted,All available country-years,No time-varying covariates,Unweighted,Country and calendar year,Country,Concurrent,15 parameterized GDD food groups; not total diet,FALSE,x_diet_dash_score,-0.0311035244401333,0.0316850820172538,0.327563398048814,-0.0936163073409052,0.0314092584606387,-3.06247861449939,-8.93679019311501,3.19077344508365,1295,185,0.00286392008539105,0.517508107480575,eutrophication_unadjusted_Unweighted,-3.06% (-8.94% to 3.19%),0.32756,0.51751
E_eutrophication_diet_dash_score_primary,Environment,diet_dash_score,DASH,per 5-point higher DASH,eutrophication,Eutrophication potential,g PO4-eq/person/day,Primary analysis,primary,All available country-years,SDI and continuous environmental intake coverage,Unweighted,Country and calendar year,Country,Concurrent,15 parameterized GDD food groups; not total diet,TRUE,x_diet_dash_score,-0.0432067244059789,0.0339673374503725,0.20497555510414,-0.110222261578839,0.0238088127668815,-4.22866131293096,-10.4364952087203,2.40945053778567,1295,185,0.0205760187889285,0.40995111020828,eutrophication_primary_Unweighted,-4.23% (-10.44% to 2.41%),0.20498,0.40995
E_eutrophication_diet_dash_score_coverage80,Environment,diet_dash_score,DASH,per 5-point higher DASH,eutrophication,Eutrophication potential,g PO4-eq/person/day,Coverage >=80%,coverage80,Country-years with environmental coverage >=80%,SDI,Unweighted,Country and calendar year,Country,Concurrent,15 parameterized GDD food groups; not total diet,FALSE,x_diet_dash_score,-0.0151004818491616,0.0358976264379527,0.674512304498466,-0.085937463161185,0.0557364994628618,-1.49870412932848,-8.23483835429867,5.73190428914889,1159,180,0.0185884175328722,0.746176261797793,eutrophication_coverage80_Unweighted,-1.50% (-8.23% to 5.73%),0.67451,0.74618
E_eutrophication_diet_dash_score_coverage80_adjusted,Environment,diet_dash_score,DASH,per 5-point higher DASH,eutrophication,Eutrophication potential,g PO4-eq/person/day,Coverage >=80% with additional adjustment for coverage,coverage80_adjusted,Country-years with environmental coverage >=80%,SDI and continuous environmental intake coverage,Unweighted,Country and calendar year,Country,Concurrent,15 parameterized GDD food groups; not total diet,FALSE,x_diet_dash_score,-0.0475862328305496,0.0357652596394511,0.185040994552556,-0.11816201401983,0.0229895483587304,-4.64717558522436,-11.1447916942415,2.32558447883118,1159,180,0.0393005196916828,0.246721326070075,eutrophication_coverage80_adjusted_Unweighted,-4.65% (-11.14% to 2.33%),0.18504,0.24672
E_eutrophication_diet_dash_score_population_weighted,Environment,diet_dash_score,DASH,per 5-point higher DASH,eutrophication,Eutrophication potential,g PO4-eq/person/day,Population weighted,population_weighted,All available country-years,SDI and continuous environmental intake coverage,Population aged 60+,Country and calendar year,Country,Concurrent,15 parameterized GDD food groups; not total diet,FALSE,x_diet_dash_score,0.11650608957987,0.0839629671697185,0.166940397103682,-0.0491478524085742,0.282160031568314,12.3564352481235,-4.79596421679338,32.599090341216,1295,185,0.194239402205719,0.300399119867106,eutrophication_population_weighted_Population aged 60+,12.36% (-4.80% to 32.60%),0.16694,0.30040
E_ghg_diet_ahei_score_unadjusted,Environment,diet_ahei_score,AHEI,per 10-point higher AHEI,ghg,GHG emissions,kg CO2-eq/person/day,Unadjusted,unadjusted,All available country-years,No time-varying covariates,Unweighted,Country and calendar year,Country,Concurrent,15 parameterized GDD food groups; not total diet,FALSE,x_diet_ahei_score,-0.0375100196626513,0.0305900719185409,0.221684551771949,-0.0978624127453469,0.0228423734200444,-3.68152331139623,-9.32263443305373,2.31052582536488,1295,185,0.00567276592195543,0.295579402362598,ghg_unadjusted_Unweighted,-3.68% (-9.32% to 2.31%),0.22168,0.29558
E_ghg_diet_ahei_score_primary,Environment,diet_ahei_score,AHEI,per 10-point higher AHEI,ghg,GHG emissions,kg CO2-eq/person/day,Primary analysis,primary,All available country-years,SDI and continuous environmental intake coverage,Unweighted,Country and calendar year,Country,Concurrent,15 parameterized GDD food groups; not total diet,TRUE,x_diet_ahei_score,-0.0600069593886624,0.0350011827808417,0.0881341887627692,-0.129062211928565,0.00904829315124053,-5.82420204983628,-12.108071541905,0.908935270189848,1295,185,0.0294946928850591,0.117512251683692,ghg_primary_Unweighted,-5.82% (-12.11% to 0.91%),0.08813,0.11751
E_ghg_diet_ahei_score_coverage80,Environment,diet_ahei_score,AHEI,per 10-point higher AHEI,ghg,GHG emissions,kg CO2-eq/person/day,Coverage >=80%,coverage80,Country-years with environmental coverage >=80%,SDI,Unweighted,Country and calendar year,Country,Concurrent,15 parameterized GDD food groups; not total diet,FALSE,x_diet_ahei_score,-0.0160153328464445,0.0335501009991227,0.633691166410885,-0.0822199294539435,0.0501892637610545,-1.58877693021134,-7.89306338636088,5.14700827274708,1159,180,0.0176546411134955,0.844921555214513,ghg_coverage80_Unweighted,-1.59% (-7.89% to 5.15%),0.63369,0.84492
E_ghg_diet_ahei_score_coverage80_adjusted,Environment,diet_ahei_score,AHEI,per 10-point higher AHEI,ghg,GHG emissions,kg CO2-eq/person/day,Coverage >=80% with additional adjustment for coverage,coverage80_adjusted,Country-years with environmental coverage >=80%,SDI and continuous environmental intake coverage,Unweighted,Country and calendar year,Country,Concurrent,15 parameterized GDD food groups; not total diet,FALSE,x_diet_ahei_score,-0.0447439937604175,0.0354818429404065,0.208935823689108,-0.114760507237431,0.0252725197165963,-4.37577455161996,-10.8420354787916,2.55945771874917,1159,180,0.0365949609497948,0.278581098252144,ghg_coverage80_adjusted_Unweighted,-4.38% (-10.84% to 2.56%),0.20894,0.27858
E_ghg_diet_ahei_score_population_weighted,Environment,diet_ahei_score,AHEI,per 10-point higher AHEI,ghg,GHG emissions,kg CO2-eq/person/day,Population weighted,population_weighted,All available country-years,SDI and continuous environmental intake coverage,Population aged 60+,Country and calendar year,Country,Concurrent,15 parameterized GDD food groups; not total diet,FALSE,x_diet_ahei_score,0.0991088877092012,0.114095319833192,0.386170252979452,-0.125994394486585,0.324212169904987,10.4186525354484,-11.8380211298882,38.2940694390136,1295,185,0.180814923255033,0.772340505958903,ghg_population_weighted_Population aged 60+,10.42% (-11.84% to 38.29%),0.38617,0.77234
E_land_diet_ahei_score_unadjusted,Environment,diet_ahei_score,AHEI,per 10-point higher AHEI,land,Land use,m2/person/day,Unadjusted,unadjusted,All available country-years,No time-varying covariates,Unweighted,Country and calendar year,Country,Concurrent,15 parameterized GDD food groups; not total diet,FALSE,x_diet_ahei_score,-0.0729369200474254,0.0358843919787353,0.0435349368073637,-0.143734691821264,-0.00213914827358712,-7.03405289484189,-13.3882494362433,-0.213686192648799,1295,185,0.0153625331241595,0.0870698736147274,land_unadjusted_Unweighted,-7.03% (-13.39% to -0.21%),0.04353,0.08707
E_land_diet_ahei_score_primary,Environment,diet_ahei_score,AHEI,per 10-point higher AHEI,land,Land use,m2/person/day,Primary analysis,primary,All available country-years,SDI and continuous environmental intake coverage,Unweighted,Country and calendar year,Country,Concurrent,15 parameterized GDD food groups; not total diet,TRUE,x_diet_ahei_score,-0.100614248066517,0.0412098583239084,0.0155720207433536,-0.181918848299878,-0.0193096478331567,-9.57182059356365,-16.633100867331,-1.91244107868932,1295,185,0.0418147243089643,0.0311440414867073,land_primary_Unweighted,-9.57% (-16.63% to -1.91%),0.01557,0.03114
E_land_diet_ahei_score_coverage80,Environment,diet_ahei_score,AHEI,per 10-point higher AHEI,land,Land use,m2/person/day,Coverage >=80%,coverage80,Country-years with environmental coverage >=80%,SDI,Unweighted,Country and calendar year,Country,Concurrent,15 parameterized GDD food groups; not total diet,FALSE,x_diet_ahei_score,-0.0532735557776626,0.0393408681850631,0.177394620485831,-0.130905104739289,0.0243579931839634,-5.18793868678229,-12.2698977849709,2.46570724867321,1159,180,0.025178714889076,0.236526160647775,land_coverage80_Unweighted,-5.19% (-12.27% to 2.47%),0.17739,0.23653
E_land_diet_ahei_score_coverage80_adjusted,Environment,diet_ahei_score,AHEI,per 10-point higher AHEI,land,Land use,m2/person/day,Coverage >=80% with additional adjustment for coverage,coverage80_adjusted,Country-years with environmental coverage >=80%,SDI and continuous environmental intake coverage,Unweighted,Country and calendar year,Country,Concurrent,15 parameterized GDD food groups; not total diet,FALSE,x_diet_ahei_score,-0.0851804115211466,0.0420864776772904,0.0444633253126117,-0.168229886612992,-0.00213093642930164,-8.16534108498478,-15.484047850932,-0.212866759613461,1159,180,0.0420282565784885,0.0592844337501489,land_coverage80_adjusted_Unweighted,-8.17% (-15.48% to -0.21%),0.04446,0.05928
E_land_diet_ahei_score_population_weighted,Environment,diet_ahei_score,AHEI,per 10-point higher AHEI,land,Land use,m2/person/day,Population weighted,population_weighted,All available country-years,SDI and continuous environmental intake coverage,Population aged 60+,Country and calendar year,Country,Concurrent,15 parameterized GDD food groups; not total diet,FALSE,x_diet_ahei_score,0.144087814267924,0.156992577390465,0.359924963841785,-0.165649206519923,0.45382483505577,15.4985528280426,-15.265657539114,57.4322207259701,1295,185,0.200927605305666,0.719849927683569,land_population_weighted_Population aged 60+,15.50% (-15.27% to 57.43%),0.35992,0.71985
E_water_diet_ahei_score_unadjusted,Environment,diet_ahei_score,AHEI,per 10-point higher AHEI,water,Scarcity-weighted water use,L-eq/person/day,Unadjusted,unadjusted,All available country-years,No time-varying covariates,Unweighted,Country and calendar year,Country,Concurrent,15 parameterized GDD food groups; not total diet,FALSE,x_diet_ahei_score,0.0752845597805647,0.0162590941839108,6.88334967478575e-06,0.0432063336826001,0.107362785878529,7.81909170066617,4.41533166244825,11.3338084558078,1295,185,0.0520948317883673,2.7533398699143e-05,water_unadjusted_Unweighted,7.82% (4.42% to 11.33%),< 0.001,< 0.001
E_water_diet_ahei_score_primary,Environment,diet_ahei_score,AHEI,per 10-point higher AHEI,water,Scarcity-weighted water use,L-eq/person/day,Primary analysis,primary,All available country-years,SDI and continuous environmental intake coverage,Unweighted,Country and calendar year,Country,Concurrent,15 parameterized GDD food groups; not total diet,TRUE,x_diet_ahei_score,0.0689608825126776,0.0190689274445806,0.000385667105710642,0.0313390224573835,0.106582742567972,7.13942980757514,3.1835259921031,11.2469971259833,1295,185,0.0706821274117853,0.00154266842284257,water_primary_Unweighted,7.14% (3.18% to 11.25%),< 0.001,0.00154
E_water_diet_ahei_score_coverage80,Environment,diet_ahei_score,AHEI,per 10-point higher AHEI,water,Scarcity-weighted water use,L-eq/person/day,Coverage >=80%,coverage80,Country-years with environmental coverage >=80%,SDI,Unweighted,Country and calendar year,Country,Concurrent,15 parameterized GDD food groups; not total diet,FALSE,x_diet_ahei_score,0.095022339314444,0.0186920650253433,9.27663988428917e-07,0.0581371858302159,0.131907492798672,9.96834210254405,5.98603835641149,14.1002763412621,1159,180,0.0951559375271318,3.71065595371567e-06,water_coverage80_Unweighted,9.97% (5.99% to 14.10%),< 0.001,< 0.001
E_water_diet_ahei_score_coverage80_adjusted,Environment,diet_ahei_score,AHEI,per 10-point higher AHEI,water,Scarcity-weighted water use,L-eq/person/day,Coverage >=80% with additional adjustment for coverage,coverage80_adjusted,Country-years with environmental coverage >=80%,SDI and continuous environmental intake coverage,Unweighted,Country and calendar year,Country,Concurrent,15 parameterized GDD food groups; not total diet,FALSE,x_diet_ahei_score,0.0787256677586861,0.0203744736677002,0.000155846422874835,0.0385206081585532,0.118930727358819,8.19074792517212,3.9272145622455,12.6291894371659,1159,180,0.108584141771623,0.000623385691499341,water_coverage80_adjusted_Unweighted,8.19% (3.93% to 12.63%),< 0.001,< 0.001
E_water_diet_ahei_score_population_weighted,Environment,diet_ahei_score,AHEI,per 10-point higher AHEI,water,Scarcity-weighted water use,L-eq/person/day,Population weighted,population_weighted,All available country-years,SDI and continuous environmental intake coverage,Population aged 60+,Country and calendar year,Country,Concurrent,15 parameterized GDD food groups; not total diet,FALSE,x_diet_ahei_score,0.125210401003574,0.0524223136043945,0.0179292942901731,0.0217842931676148,0.228636508839533,13.3386893721747,2.2023303282269,25.6885089346589,1295,185,0.182414406946797,0.0358585885803461,water_population_weighted_Population aged 60+,13.34% (2.20% to 25.69%),0.01793,0.03586
E_eutrophication_diet_ahei_score_unadjusted,Environment,diet_ahei_score,AHEI,per 10-point higher AHEI,eutrophication,Eutrophication potential,g PO4-eq/person/day,Unadjusted,unadjusted,All available country-years,No time-varying covariates,Unweighted,Country and calendar year,Country,Concurrent,15 parameterized GDD food groups; not total diet,FALSE,x_diet_ahei_score,0.0243771279525763,0.028179624366065,0.388131080610431,-0.0312195954285364,0.079973851333689,2.46766792503064,-3.07372959545108,8.3258741533254,1295,185,0.00249969094421076,0.517508107480575,eutrophication_unadjusted_Unweighted,2.47% (-3.07% to 8.33%),0.38813,0.51751
E_eutrophication_diet_ahei_score_primary,Environment,diet_ahei_score,AHEI,per 10-point higher AHEI,eutrophication,Eutrophication potential,g PO4-eq/person/day,Primary analysis,primary,All available country-years,SDI and continuous environmental intake coverage,Unweighted,Country and calendar year,Country,Concurrent,15 parameterized GDD food groups; not total diet,TRUE,x_diet_ahei_score,0.0262904901080768,0.0312862018233609,0.401818361989606,-0.0354353258866078,0.0880163061027613,2.66391336743166,-3.48148452943758,9.20059282439041,1295,185,0.0183140575663068,0.535757815986142,eutrophication_primary_Unweighted,2.66% (-3.48% to 9.20%),0.40182,0.53576
E_eutrophication_diet_ahei_score_coverage80,Environment,diet_ahei_score,AHEI,per 10-point higher AHEI,eutrophication,Eutrophication potential,g PO4-eq/person/day,Coverage >=80%,coverage80,Country-years with environmental coverage >=80%,SDI,Unweighted,Country and calendar year,Country,Concurrent,15 parameterized GDD food groups; not total diet,FALSE,x_diet_ahei_score,0.0600020154324487,0.0301131346557958,0.0478301629405904,0.000579603186166879,0.11942442767873,6.18386866073473,0.0579771188550238,12.6848082324012,1159,180,0.0318632915423027,0.0956603258811807,eutrophication_coverage80_Unweighted,6.18% (0.06% to 12.68%),0.04783,0.09566
E_eutrophication_diet_ahei_score_coverage80_adjusted,Environment,diet_ahei_score,AHEI,per 10-point higher AHEI,eutrophication,Eutrophication potential,g PO4-eq/person/day,Coverage >=80% with additional adjustment for coverage,coverage80_adjusted,Country-years with environmental coverage >=80%,SDI and continuous environmental intake coverage,Unweighted,Country and calendar year,Country,Concurrent,15 parameterized GDD food groups; not total diet,FALSE,x_diet_ahei_score,0.0414721971989367,0.0309148770089068,0.181458790973972,-0.0195322975892799,0.102476691987153,4.23441813606922,-1.93427781869924,10.7911478393887,1159,180,0.0399231552242023,0.246721326070075,eutrophication_coverage80_adjusted_Unweighted,4.23% (-1.93% to 10.79%),0.18146,0.24672
E_eutrophication_diet_ahei_score_population_weighted,Environment,diet_ahei_score,AHEI,per 10-point higher AHEI,eutrophication,Eutrophication potential,g PO4-eq/person/day,Population weighted,population_weighted,All available country-years,SDI and continuous environmental intake coverage,Population aged 60+,Country and calendar year,Country,Concurrent,15 parameterized GDD food groups; not total diet,FALSE,x_diet_ahei_score,0.145970491900538,0.0944352675656289,0.123890358295923,-0.0403446761110778,0.332285659912154,15.7162041894379,-3.95416649500133,39.4151044700424,1295,185,0.222180398099345,0.300399119867106,eutrophication_population_weighted_Population aged 60+,15.72% (-3.95% to 39.42%),0.12389,0.30040
