diet_pattern,exposure_unit,outcome,unit,estimate_95ci,p_value,q_value_bh,observations,countries,adjustment,fixed_effects,clustered_by,temporal_relation,food_scope
mPHDI,per 10-point higher mPHDI,GHG emissions,kg CO2-eq/person/day,-8.16% (-13.28% to -2.74%),0.00385,0.01540,1295,185,SDI and continuous environmental intake coverage,Country and calendar year,Country,Concurrent,15 parameterized GDD food groups; not total diet
mPHDI,per 10-point higher mPHDI,Land use,m2/person/day,-11.39% (-17.28% to -5.09%),< 0.001,0.00258,1295,185,SDI and continuous environmental intake coverage,Country and calendar year,Country,Concurrent,15 parameterized GDD food groups; not total diet
mPHDI,per 10-point higher mPHDI,Scarcity-weighted water use,L-eq/person/day,3.59% (0.43% to 6.85%),0.02590,0.02590,1295,185,SDI and continuous environmental intake coverage,Country and calendar year,Country,Concurrent,15 parameterized GDD food groups; not total diet
mPHDI,per 10-point higher mPHDI,Eutrophication potential,g PO4-eq/person/day,-1.28% (-6.21% to 3.91%),0.61942,0.61942,1295,185,SDI and continuous environmental intake coverage,Country and calendar year,Country,Concurrent,15 parameterized GDD food groups; not total diet
MED,per 1-point higher MED,GHG emissions,kg CO2-eq/person/day,-0.66% (-3.11% to 1.85%),0.59918,0.59918,1295,185,SDI and continuous environmental intake coverage,Country and calendar year,Country,Concurrent,15 parameterized GDD food groups; not total diet
MED,per 1-point higher MED,Land use,m2/person/day,-1.63% (-4.53% to 1.35%),0.27810,0.27810,1295,185,SDI and continuous environmental intake coverage,Country and calendar year,Country,Concurrent,15 parameterized GDD food groups; not total diet
MED,per 1-point higher MED,Scarcity-weighted water use,L-eq/person/day,2.25% (0.85% to 3.66%),0.00170,0.00339,1295,185,SDI and continuous environmental intake coverage,Country and calendar year,Country,Concurrent,15 parameterized GDD food groups; not total diet
MED,per 1-point higher MED,Eutrophication potential,g PO4-eq/person/day,2.39% (-0.06% to 4.90%),0.05620,0.22479,1295,185,SDI and continuous environmental intake coverage,Country and calendar year,Country,Concurrent,15 parameterized GDD food groups; not total diet
DASH,per 5-point higher DASH,GHG emissions,kg CO2-eq/person/day,-6.84% (-12.92% to -0.33%),0.03986,0.07971,1295,185,SDI and continuous environmental intake coverage,Country and calendar year,Country,Concurrent,15 parameterized GDD food groups; not total diet
DASH,per 5-point higher DASH,Land use,m2/person/day,-8.51% (-15.44% to -1.01%),0.02723,0.03631,1295,185,SDI and continuous environmental intake coverage,Country and calendar year,Country,Concurrent,15 parameterized GDD food groups; not total diet
DASH,per 5-point higher DASH,Scarcity-weighted water use,L-eq/person/day,5.57% (1.72% to 9.56%),0.00447,0.00596,1295,185,SDI and continuous environmental intake coverage,Country and calendar year,Country,Concurrent,15 parameterized GDD food groups; not total diet
DASH,per 5-point higher DASH,Eutrophication potential,g PO4-eq/person/day,-4.23% (-10.44% to 2.41%),0.20498,0.40995,1295,185,SDI and continuous environmental intake coverage,Country and calendar year,Country,Concurrent,15 parameterized GDD food groups; not total diet
AHEI,per 10-point higher AHEI,GHG emissions,kg CO2-eq/person/day,-5.82% (-12.11% to 0.91%),0.08813,0.11751,1295,185,SDI and continuous environmental intake coverage,Country and calendar year,Country,Concurrent,15 parameterized GDD food groups; not total diet
AHEI,per 10-point higher AHEI,Land use,m2/person/day,-9.57% (-16.63% to -1.91%),0.01557,0.03114,1295,185,SDI and continuous environmental intake coverage,Country and calendar year,Country,Concurrent,15 parameterized GDD food groups; not total diet
AHEI,per 10-point higher AHEI,Scarcity-weighted water use,L-eq/person/day,7.14% (3.18% to 11.25%),< 0.001,0.00154,1295,185,SDI and continuous environmental intake coverage,Country and calendar year,Country,Concurrent,15 parameterized GDD food groups; not total diet
AHEI,per 10-point higher AHEI,Eutrophication potential,g PO4-eq/person/day,2.66% (-3.48% to 9.20%),0.40182,0.53576,1295,185,SDI and continuous environmental intake coverage,Country and calendar year,Country,Concurrent,15 parameterized GDD food groups; not total diet
