model_id,family,diet_code,diet_pattern,exposure_unit,outcome_code,outcome,unit,specification,specification_id,sample_definition,adjustment,weighting,fixed_effects,clustered_by,temporal_relation,food_scope,primary_model,term,beta,standard_error,p_value,beta_lower_95,beta_upper_95,percent_difference,percent_difference_lower_95,percent_difference_upper_95,observations,countries,within_r_squared,q_value_bh,fdr_family
E_eutrophication_diet_ahei_score_primary,Environment,diet_ahei_score,AHEI,per 10-point higher AHEI,eutrophication,Eutrophication potential,g PO4-eq/person/day,Primary analysis,primary,All available country-years,SDI and continuous environmental intake coverage,Unweighted,Country and calendar year,Country,Concurrent,15 parameterized GDD food groups; not total diet,TRUE,x_diet_ahei_score,0.0262904901080768,0.0312862018233609,0.401818361989606,-0.0354353258866078,0.0880163061027613,2.66391336743166,-3.48148452943758,9.20059282439041,1295,185,0.0183140575663068,0.535757815986142,eutrophication_primary_Unweighted
E_eutrophication_diet_dash_score_primary,Environment,diet_dash_score,DASH,per 5-point higher DASH,eutrophication,Eutrophication potential,g PO4-eq/person/day,Primary analysis,primary,All available country-years,SDI and continuous environmental intake coverage,Unweighted,Country and calendar year,Country,Concurrent,15 parameterized GDD food groups; not total diet,TRUE,x_diet_dash_score,-0.0432067244059789,0.0339673374503725,0.20497555510414,-0.110222261578839,0.0238088127668815,-4.22866131293096,-10.4364952087203,2.40945053778567,1295,185,0.0205760187889285,0.40995111020828,eutrophication_primary_Unweighted
E_eutrophication_diet_med_score_primary,Environment,diet_med_score,MED,per 1-point higher MED,eutrophication,Eutrophication potential,g PO4-eq/person/day,Primary analysis,primary,All available country-years,SDI and continuous environmental intake coverage,Unweighted,Country and calendar year,Country,Concurrent,15 parameterized GDD food groups; not total diet,TRUE,x_diet_med_score,0.0235913690302135,0.012276785507131,0.0561983046888514,-0.000629998827023328,0.0478127368874503,2.38718466506562,-0.062980041943006,4.89742027566924,1295,185,0.0247790714676747,0.224793218755406,eutrophication_primary_Unweighted
E_eutrophication_diet_mphdi_score_primary,Environment,diet_mphdi_score,mPHDI,per 10-point higher mPHDI,eutrophication,Eutrophication potential,g PO4-eq/person/day,Primary analysis,primary,All available country-years,SDI and continuous environmental intake coverage,Unweighted,Country and calendar year,Country,Concurrent,15 parameterized GDD food groups; not total diet,TRUE,x_diet_mphdi_score,-0.0129190277712841,0.0259671205905066,0.619420063346533,-0.064150612753408,0.0383125572108398,-1.2835935341373,-6.21362653465472,3.9055946558616,1295,185,0.0167093396485205,0.619420063346533,eutrophication_primary_Unweighted
E_ghg_diet_ahei_score_primary,Environment,diet_ahei_score,AHEI,per 10-point higher AHEI,ghg,GHG emissions,kg CO2-eq/person/day,Primary analysis,primary,All available country-years,SDI and continuous environmental intake coverage,Unweighted,Country and calendar year,Country,Concurrent,15 parameterized GDD food groups; not total diet,TRUE,x_diet_ahei_score,-0.0600069593886624,0.0350011827808417,0.0881341887627692,-0.129062211928565,0.00904829315124053,-5.82420204983628,-12.108071541905,0.908935270189848,1295,185,0.0294946928850591,0.117512251683692,ghg_primary_Unweighted
E_ghg_diet_dash_score_primary,Environment,diet_dash_score,DASH,per 5-point higher DASH,ghg,GHG emissions,kg CO2-eq/person/day,Primary analysis,primary,All available country-years,SDI and continuous environmental intake coverage,Unweighted,Country and calendar year,Country,Concurrent,15 parameterized GDD food groups; not total diet,TRUE,x_diet_dash_score,-0.070817597062148,0.0342127098440226,0.0398566470431578,-0.138317239378424,-0.00331795474587228,-6.83681909905886,-12.9177611232307,-0.331245641677447,1295,185,0.0297200564415332,0.0797132940863156,ghg_primary_Unweighted
E_ghg_diet_med_score_primary,Environment,diet_med_score,MED,per 1-point higher MED,ghg,GHG emissions,kg CO2-eq/person/day,Primary analysis,primary,All available country-years,SDI and continuous environmental intake coverage,Unweighted,Country and calendar year,Country,Concurrent,15 parameterized GDD food groups; not total diet,TRUE,x_diet_med_score,-0.00665928225735127,0.0126484788736481,0.599182717082873,-0.0316139790267269,0.0182954145120244,-0.663715837422807,-3.11194818984366,1.84638009404063,1295,185,0.0186050147678933,0.599182717082873,ghg_primary_Unweighted
E_ghg_diet_mphdi_score_primary,Environment,diet_mphdi_score,mPHDI,per 10-point higher mPHDI,ghg,GHG emissions,kg CO2-eq/person/day,Primary analysis,primary,All available country-years,SDI and continuous environmental intake coverage,Unweighted,Country and calendar year,Country,Concurrent,15 parameterized GDD food groups; not total diet,TRUE,x_diet_mphdi_score,-0.0850975177310415,0.0290701823245051,0.0038505844701922,-0.142451259013708,-0.027743776448375,-8.15772824652015,-13.277017710095,-2.73624524762308,1295,185,0.0474794203794652,0.0154023378807688,ghg_primary_Unweighted
E_land_diet_ahei_score_primary,Environment,diet_ahei_score,AHEI,per 10-point higher AHEI,land,Land use,m2/person/day,Primary analysis,primary,All available country-years,SDI and continuous environmental intake coverage,Unweighted,Country and calendar year,Country,Concurrent,15 parameterized GDD food groups; not total diet,TRUE,x_diet_ahei_score,-0.100614248066517,0.0412098583239084,0.0155720207433536,-0.181918848299878,-0.0193096478331567,-9.57182059356365,-16.633100867331,-1.91244107868932,1295,185,0.0418147243089643,0.0311440414867073,land_primary_Unweighted
E_land_diet_dash_score_primary,Environment,diet_dash_score,DASH,per 5-point higher DASH,land,Land use,m2/person/day,Primary analysis,primary,All available country-years,SDI and continuous environmental intake coverage,Unweighted,Country and calendar year,Country,Concurrent,15 parameterized GDD food groups; not total diet,TRUE,x_diet_dash_score,-0.0888933296860907,0.0399348538483662,0.027230886945994,-0.167682421897926,-0.0101042374742553,-8.50568343560405,-15.4377656814988,-1.00533611664068,1295,185,0.0318372183691923,0.0363078492613254,land_primary_Unweighted
E_land_diet_med_score_primary,Environment,diet_med_score,MED,per 1-point higher MED,land,Land use,m2/person/day,Primary analysis,primary,All available country-years,SDI and continuous environmental intake coverage,Unweighted,Country and calendar year,Country,Concurrent,15 parameterized GDD food groups; not total diet,TRUE,x_diet_med_score,-0.0164797345273869,0.0151492860605303,0.278096326366628,-0.046368375184461,0.0134089061296872,-1.63446865714997,-4.53097867765023,1.34992086795454,1295,185,0.021477833707037,0.278096326366628,land_primary_Unweighted
E_land_diet_mphdi_score_primary,Environment,diet_mphdi_score,mPHDI,per 10-point higher mPHDI,land,Land use,m2/person/day,Primary analysis,primary,All available country-years,SDI and continuous environmental intake coverage,Unweighted,Country and calendar year,Country,Concurrent,15 parameterized GDD food groups; not total diet,TRUE,x_diet_mphdi_score,-0.120980335505173,0.0348509979417697,0.000645257587063761,-0.189739282287218,-0.0522213887231274,-11.3948616825597,-17.2825235054483,-5.08812805997734,1295,185,0.0613072478261519,0.00258103034825504,land_primary_Unweighted
E_water_diet_ahei_score_primary,Environment,diet_ahei_score,AHEI,per 10-point higher AHEI,water,Scarcity-weighted water use,L-eq/person/day,Primary analysis,primary,All available country-years,SDI and continuous environmental intake coverage,Unweighted,Country and calendar year,Country,Concurrent,15 parameterized GDD food groups; not total diet,TRUE,x_diet_ahei_score,0.0689608825126776,0.0190689274445806,0.000385667105710642,0.0313390224573835,0.106582742567972,7.13942980757514,3.1835259921031,11.2469971259833,1295,185,0.0706821274117853,0.00154266842284257,water_primary_Unweighted
E_water_diet_dash_score_primary,Environment,diet_dash_score,DASH,per 5-point higher DASH,water,Scarcity-weighted water use,L-eq/person/day,Primary analysis,primary,All available country-years,SDI and continuous environmental intake coverage,Unweighted,Country and calendar year,Country,Concurrent,15 parameterized GDD food groups; not total diet,TRUE,x_diet_dash_score,0.0541946811994295,0.0188282886202147,0.0044707941920258,0.0170475872367997,0.0913417751620593,5.56901051665444,1.71937266122579,9.5643404976854,1295,185,0.0516112852370327,0.00596105892270107,water_primary_Unweighted
E_water_diet_med_score_primary,Environment,diet_med_score,MED,per 1-point higher MED,water,Scarcity-weighted water use,L-eq/person/day,Primary analysis,primary,All available country-years,SDI and continuous environmental intake coverage,Unweighted,Country and calendar year,Country,Concurrent,15 parameterized GDD food groups; not total diet,TRUE,x_diet_med_score,0.0222180118983494,0.00697410242237287,0.00169598296349394,0.00845852248247416,0.0359775013142247,2.24666700734404,0.849439686050801,3.66325233591474,1295,185,0.0528928014672302,0.00339196592698789,water_primary_Unweighted
E_water_diet_mphdi_score_primary,Environment,diet_mphdi_score,mPHDI,per 10-point higher mPHDI,water,Scarcity-weighted water use,L-eq/person/day,Primary analysis,primary,All available country-years,SDI and continuous environmental intake coverage,Unweighted,Country and calendar year,Country,Concurrent,15 parameterized GDD food groups; not total diet,TRUE,x_diet_mphdi_score,0.0352717825510533,0.0157045489812089,0.0258959343787689,0.00428764116608685,0.0662559239360198,3.59012104178831,0.429684625080284,6.85001369378517,1295,185,0.0474477799995305,0.0258959343787689,water_primary_Unweighted
