family,outcome,dietary_pattern,region,observations,countries,years,fit_status,fit_error
Dementia,Dementia DALY rate,mPHDI,High-income countries,96,24,4,SUCCESS,
Dementia,Dementia DALY rate,mPHDI,Central/Eastern Europe and Central Asia,116,29,4,SUCCESS,
Dementia,Dementia DALY rate,mPHDI,East and Southeast Asia,96,24,4,SUCCESS,
Dementia,Dementia DALY rate,mPHDI,Latin America and the Caribbean,128,32,4,SUCCESS,
Dementia,Dementia DALY rate,mPHDI,Middle East and North Africa,80,20,4,SUCCESS,
Dementia,Dementia DALY rate,mPHDI,South Asia,32,8,4,SUCCESS,
Dementia,Dementia DALY rate,mPHDI,Sub-Saharan Africa,192,48,4,SUCCESS,
Dementia,Dementia DALY rate,MED,High-income countries,96,24,4,SUCCESS,
Dementia,Dementia DALY rate,MED,Central/Eastern Europe and Central Asia,116,29,4,SUCCESS,
Dementia,Dementia DALY rate,MED,East and Southeast Asia,96,24,4,SUCCESS,
Dementia,Dementia DALY rate,MED,Latin America and the Caribbean,128,32,4,SUCCESS,
Dementia,Dementia DALY rate,MED,Middle East and North Africa,80,20,4,SUCCESS,
Dementia,Dementia DALY rate,MED,South Asia,32,8,4,SUCCESS,
Dementia,Dementia DALY rate,MED,Sub-Saharan Africa,192,48,4,SUCCESS,
Dementia,Dementia DALY rate,DASH,High-income countries,96,24,4,SUCCESS,
Dementia,Dementia DALY rate,DASH,Central/Eastern Europe and Central Asia,116,29,4,SUCCESS,
Dementia,Dementia DALY rate,DASH,East and Southeast Asia,96,24,4,SUCCESS,
Dementia,Dementia DALY rate,DASH,Latin America and the Caribbean,128,32,4,SUCCESS,
Dementia,Dementia DALY rate,DASH,Middle East and North Africa,80,20,4,SUCCESS,
Dementia,Dementia DALY rate,DASH,South Asia,32,8,4,SUCCESS,
Dementia,Dementia DALY rate,DASH,Sub-Saharan Africa,192,48,4,SUCCESS,
Dementia,Dementia DALY rate,AHEI,High-income countries,96,24,4,SUCCESS,
Dementia,Dementia DALY rate,AHEI,Central/Eastern Europe and Central Asia,116,29,4,SUCCESS,
Dementia,Dementia DALY rate,AHEI,East and Southeast Asia,96,24,4,SUCCESS,
Dementia,Dementia DALY rate,AHEI,Latin America and the Caribbean,128,32,4,SUCCESS,
Dementia,Dementia DALY rate,AHEI,Middle East and North Africa,80,20,4,SUCCESS,
Dementia,Dementia DALY rate,AHEI,South Asia,32,8,4,SUCCESS,
Dementia,Dementia DALY rate,AHEI,Sub-Saharan Africa,192,48,4,SUCCESS,
Dementia,Dementia prevalence rate,mPHDI,High-income countries,96,24,4,SUCCESS,
Dementia,Dementia prevalence rate,mPHDI,Central/Eastern Europe and Central Asia,116,29,4,SUCCESS,
Dementia,Dementia prevalence rate,mPHDI,East and Southeast Asia,96,24,4,SUCCESS,
Dementia,Dementia prevalence rate,mPHDI,Latin America and the Caribbean,128,32,4,SUCCESS,
Dementia,Dementia prevalence rate,mPHDI,Middle East and North Africa,80,20,4,SUCCESS,
Dementia,Dementia prevalence rate,mPHDI,South Asia,32,8,4,SUCCESS,
Dementia,Dementia prevalence rate,mPHDI,Sub-Saharan Africa,192,48,4,SUCCESS,
Dementia,Dementia prevalence rate,MED,High-income countries,96,24,4,SUCCESS,
Dementia,Dementia prevalence rate,MED,Central/Eastern Europe and Central Asia,116,29,4,SUCCESS,
Dementia,Dementia prevalence rate,MED,East and Southeast Asia,96,24,4,SUCCESS,
Dementia,Dementia prevalence rate,MED,Latin America and the Caribbean,128,32,4,SUCCESS,
Dementia,Dementia prevalence rate,MED,Middle East and North Africa,80,20,4,SUCCESS,
Dementia,Dementia prevalence rate,MED,South Asia,32,8,4,SUCCESS,
Dementia,Dementia prevalence rate,MED,Sub-Saharan Africa,192,48,4,SUCCESS,
Dementia,Dementia prevalence rate,DASH,High-income countries,96,24,4,SUCCESS,
Dementia,Dementia prevalence rate,DASH,Central/Eastern Europe and Central Asia,116,29,4,SUCCESS,
Dementia,Dementia prevalence rate,DASH,East and Southeast Asia,96,24,4,SUCCESS,
Dementia,Dementia prevalence rate,DASH,Latin America and the Caribbean,128,32,4,SUCCESS,
Dementia,Dementia prevalence rate,DASH,Middle East and North Africa,80,20,4,SUCCESS,
Dementia,Dementia prevalence rate,DASH,South Asia,32,8,4,SUCCESS,
Dementia,Dementia prevalence rate,DASH,Sub-Saharan Africa,192,48,4,SUCCESS,
Dementia,Dementia prevalence rate,AHEI,High-income countries,96,24,4,SUCCESS,
Dementia,Dementia prevalence rate,AHEI,Central/Eastern Europe and Central Asia,116,29,4,SUCCESS,
Dementia,Dementia prevalence rate,AHEI,East and Southeast Asia,96,24,4,SUCCESS,
Dementia,Dementia prevalence rate,AHEI,Latin America and the Caribbean,128,32,4,SUCCESS,
Dementia,Dementia prevalence rate,AHEI,Middle East and North Africa,80,20,4,SUCCESS,
Dementia,Dementia prevalence rate,AHEI,South Asia,32,8,4,SUCCESS,
Dementia,Dementia prevalence rate,AHEI,Sub-Saharan Africa,192,48,4,SUCCESS,
Environment,GHG emissions,mPHDI,High-income countries,168,24,7,SUCCESS,
Environment,GHG emissions,mPHDI,Central/Eastern Europe and Central Asia,203,29,7,SUCCESS,
Environment,GHG emissions,mPHDI,East and Southeast Asia,168,24,7,SUCCESS,
Environment,GHG emissions,mPHDI,Latin America and the Caribbean,224,32,7,SUCCESS,
Environment,GHG emissions,mPHDI,Middle East and North Africa,140,20,7,SUCCESS,
Environment,GHG emissions,mPHDI,South Asia,56,8,7,SUCCESS,
Environment,GHG emissions,mPHDI,Sub-Saharan Africa,336,48,7,SUCCESS,
Environment,GHG emissions,MED,High-income countries,168,24,7,SUCCESS,
Environment,GHG emissions,MED,Central/Eastern Europe and Central Asia,203,29,7,SUCCESS,
Environment,GHG emissions,MED,East and Southeast Asia,168,24,7,SUCCESS,
Environment,GHG emissions,MED,Latin America and the Caribbean,224,32,7,SUCCESS,
Environment,GHG emissions,MED,Middle East and North Africa,140,20,7,SUCCESS,
Environment,GHG emissions,MED,South Asia,56,8,7,SUCCESS,
Environment,GHG emissions,MED,Sub-Saharan Africa,336,48,7,SUCCESS,
Environment,GHG emissions,DASH,High-income countries,168,24,7,SUCCESS,
Environment,GHG emissions,DASH,Central/Eastern Europe and Central Asia,203,29,7,SUCCESS,
Environment,GHG emissions,DASH,East and Southeast Asia,168,24,7,SUCCESS,
Environment,GHG emissions,DASH,Latin America and the Caribbean,224,32,7,SUCCESS,
Environment,GHG emissions,DASH,Middle East and North Africa,140,20,7,SUCCESS,
Environment,GHG emissions,DASH,South Asia,56,8,7,SUCCESS,
Environment,GHG emissions,DASH,Sub-Saharan Africa,336,48,7,SUCCESS,
Environment,GHG emissions,AHEI,High-income countries,168,24,7,SUCCESS,
Environment,GHG emissions,AHEI,Central/Eastern Europe and Central Asia,203,29,7,SUCCESS,
Environment,GHG emissions,AHEI,East and Southeast Asia,168,24,7,SUCCESS,
Environment,GHG emissions,AHEI,Latin America and the Caribbean,224,32,7,SUCCESS,
Environment,GHG emissions,AHEI,Middle East and North Africa,140,20,7,SUCCESS,
Environment,GHG emissions,AHEI,South Asia,56,8,7,SUCCESS,
Environment,GHG emissions,AHEI,Sub-Saharan Africa,336,48,7,SUCCESS,
Environment,Land use,mPHDI,High-income countries,168,24,7,SUCCESS,
Environment,Land use,mPHDI,Central/Eastern Europe and Central Asia,203,29,7,SUCCESS,
Environment,Land use,mPHDI,East and Southeast Asia,168,24,7,SUCCESS,
Environment,Land use,mPHDI,Latin America and the Caribbean,224,32,7,SUCCESS,
Environment,Land use,mPHDI,Middle East and North Africa,140,20,7,SUCCESS,
Environment,Land use,mPHDI,South Asia,56,8,7,SUCCESS,
Environment,Land use,mPHDI,Sub-Saharan Africa,336,48,7,SUCCESS,
Environment,Land use,MED,High-income countries,168,24,7,SUCCESS,
Environment,Land use,MED,Central/Eastern Europe and Central Asia,203,29,7,SUCCESS,
Environment,Land use,MED,East and Southeast Asia,168,24,7,SUCCESS,
Environment,Land use,MED,Latin America and the Caribbean,224,32,7,SUCCESS,
Environment,Land use,MED,Middle East and North Africa,140,20,7,SUCCESS,
Environment,Land use,MED,South Asia,56,8,7,SUCCESS,
Environment,Land use,MED,Sub-Saharan Africa,336,48,7,SUCCESS,
Environment,Land use,DASH,High-income countries,168,24,7,SUCCESS,
Environment,Land use,DASH,Central/Eastern Europe and Central Asia,203,29,7,SUCCESS,
Environment,Land use,DASH,East and Southeast Asia,168,24,7,SUCCESS,
Environment,Land use,DASH,Latin America and the Caribbean,224,32,7,SUCCESS,
Environment,Land use,DASH,Middle East and North Africa,140,20,7,SUCCESS,
Environment,Land use,DASH,South Asia,56,8,7,SUCCESS,
Environment,Land use,DASH,Sub-Saharan Africa,336,48,7,SUCCESS,
Environment,Land use,AHEI,High-income countries,168,24,7,SUCCESS,
Environment,Land use,AHEI,Central/Eastern Europe and Central Asia,203,29,7,SUCCESS,
Environment,Land use,AHEI,East and Southeast Asia,168,24,7,SUCCESS,
Environment,Land use,AHEI,Latin America and the Caribbean,224,32,7,SUCCESS,
Environment,Land use,AHEI,Middle East and North Africa,140,20,7,SUCCESS,
Environment,Land use,AHEI,South Asia,56,8,7,SUCCESS,
Environment,Land use,AHEI,Sub-Saharan Africa,336,48,7,SUCCESS,
Environment,Water-scarcity,mPHDI,High-income countries,168,24,7,SUCCESS,
Environment,Water-scarcity,mPHDI,Central/Eastern Europe and Central Asia,203,29,7,SUCCESS,
Environment,Water-scarcity,mPHDI,East and Southeast Asia,168,24,7,SUCCESS,
Environment,Water-scarcity,mPHDI,Latin America and the Caribbean,224,32,7,SUCCESS,
Environment,Water-scarcity,mPHDI,Middle East and North Africa,140,20,7,SUCCESS,
Environment,Water-scarcity,mPHDI,South Asia,56,8,7,SUCCESS,
Environment,Water-scarcity,mPHDI,Sub-Saharan Africa,336,48,7,SUCCESS,
Environment,Water-scarcity,MED,High-income countries,168,24,7,SUCCESS,
Environment,Water-scarcity,MED,Central/Eastern Europe and Central Asia,203,29,7,SUCCESS,
Environment,Water-scarcity,MED,East and Southeast Asia,168,24,7,SUCCESS,
Environment,Water-scarcity,MED,Latin America and the Caribbean,224,32,7,SUCCESS,
Environment,Water-scarcity,MED,Middle East and North Africa,140,20,7,SUCCESS,
Environment,Water-scarcity,MED,South Asia,56,8,7,SUCCESS,
Environment,Water-scarcity,MED,Sub-Saharan Africa,336,48,7,SUCCESS,
Environment,Water-scarcity,DASH,High-income countries,168,24,7,SUCCESS,
Environment,Water-scarcity,DASH,Central/Eastern Europe and Central Asia,203,29,7,SUCCESS,
Environment,Water-scarcity,DASH,East and Southeast Asia,168,24,7,SUCCESS,
Environment,Water-scarcity,DASH,Latin America and the Caribbean,224,32,7,SUCCESS,
Environment,Water-scarcity,DASH,Middle East and North Africa,140,20,7,SUCCESS,
Environment,Water-scarcity,DASH,South Asia,56,8,7,SUCCESS,
Environment,Water-scarcity,DASH,Sub-Saharan Africa,336,48,7,SUCCESS,
Environment,Water-scarcity,AHEI,High-income countries,168,24,7,SUCCESS,
Environment,Water-scarcity,AHEI,Central/Eastern Europe and Central Asia,203,29,7,SUCCESS,
Environment,Water-scarcity,AHEI,East and Southeast Asia,168,24,7,SUCCESS,
Environment,Water-scarcity,AHEI,Latin America and the Caribbean,224,32,7,SUCCESS,
Environment,Water-scarcity,AHEI,Middle East and North Africa,140,20,7,SUCCESS,
Environment,Water-scarcity,AHEI,South Asia,56,8,7,SUCCESS,
Environment,Water-scarcity,AHEI,Sub-Saharan Africa,336,48,7,SUCCESS,
Environment,Eutrophication,mPHDI,High-income countries,168,24,7,SUCCESS,
Environment,Eutrophication,mPHDI,Central/Eastern Europe and Central Asia,203,29,7,SUCCESS,
Environment,Eutrophication,mPHDI,East and Southeast Asia,168,24,7,SUCCESS,
Environment,Eutrophication,mPHDI,Latin America and the Caribbean,224,32,7,SUCCESS,
Environment,Eutrophication,mPHDI,Middle East and North Africa,140,20,7,SUCCESS,
Environment,Eutrophication,mPHDI,South Asia,56,8,7,SUCCESS,
Environment,Eutrophication,mPHDI,Sub-Saharan Africa,336,48,7,SUCCESS,
Environment,Eutrophication,MED,High-income countries,168,24,7,SUCCESS,
Environment,Eutrophication,MED,Central/Eastern Europe and Central Asia,203,29,7,SUCCESS,
Environment,Eutrophication,MED,East and Southeast Asia,168,24,7,SUCCESS,
Environment,Eutrophication,MED,Latin America and the Caribbean,224,32,7,SUCCESS,
Environment,Eutrophication,MED,Middle East and North Africa,140,20,7,SUCCESS,
Environment,Eutrophication,MED,South Asia,56,8,7,SUCCESS,
Environment,Eutrophication,MED,Sub-Saharan Africa,336,48,7,SUCCESS,
Environment,Eutrophication,DASH,High-income countries,168,24,7,SUCCESS,
Environment,Eutrophication,DASH,Central/Eastern Europe and Central Asia,203,29,7,SUCCESS,
Environment,Eutrophication,DASH,East and Southeast Asia,168,24,7,SUCCESS,
Environment,Eutrophication,DASH,Latin America and the Caribbean,224,32,7,SUCCESS,
Environment,Eutrophication,DASH,Middle East and North Africa,140,20,7,SUCCESS,
Environment,Eutrophication,DASH,South Asia,56,8,7,SUCCESS,
Environment,Eutrophication,DASH,Sub-Saharan Africa,336,48,7,SUCCESS,
Environment,Eutrophication,AHEI,High-income countries,168,24,7,SUCCESS,
Environment,Eutrophication,AHEI,Central/Eastern Europe and Central Asia,203,29,7,SUCCESS,
Environment,Eutrophication,AHEI,East and Southeast Asia,168,24,7,SUCCESS,
Environment,Eutrophication,AHEI,Latin America and the Caribbean,224,32,7,SUCCESS,
Environment,Eutrophication,AHEI,Middle East and North Africa,140,20,7,SUCCESS,
Environment,Eutrophication,AHEI,South Asia,56,8,7,SUCCESS,
Environment,Eutrophication,AHEI,Sub-Saharan Africa,336,48,7,SUCCESS,
