iso3,exposure_year,outcome_year
AFG,2000,2010
AFG,2005,2015
ALB,2000,2010
ALB,2005,2015
ARE,2000,2010
ARE,2005,2015
ARG,2000,2010
ARG,2005,2015
ARM,2000,2010
ARM,2005,2015
AUS,2000,2010
AUS,2005,2015
AUT,2000,2010
AUT,2005,2015
AZE,2000,2010
AZE,2005,2015
BDI,2000,2010
BDI,2005,2015
BEL,2000,2010
BEL,2005,2015
BEN,2000,2010
BEN,2005,2015
BGD,2000,2010
BGD,2005,2015
BGR,2000,2010
BGR,2005,2015
BHR,2000,2010
BHR,2005,2015
BHS,2000,2010
BHS,2005,2015
BIH,2000,2010
BIH,2005,2015
BLR,2000,2010
BLR,2005,2015
BLZ,2000,2010
BLZ,2005,2015
BOL,2000,2010
BOL,2005,2015
BRA,2000,2010
BRA,2005,2015
BRN,2000,2010
BRN,2005,2015
BWA,2000,2010
BWA,2005,2015
CAN,2000,2010
CAN,2005,2015
CHE,2000,2010
CHE,2005,2015
CHL,2000,2010
CHL,2005,2015
CHN,2000,2010
CHN,2005,2015
CIV,2000,2010
CIV,2005,2015
CMR,2000,2010
CMR,2005,2015
COD,2000,2010
COD,2005,2015
COG,2000,2010
COG,2005,2015
COL,2000,2010
COL,2005,2015
COM,2000,2010
COM,2005,2015
CPV,2000,2010
CPV,2005,2015
CRI,2000,2010
CRI,2005,2015
CUB,2000,2010
CUB,2005,2015
CYP,2000,2010
CYP,2005,2015
CZE,2000,2010
CZE,2005,2015
DEU,2000,2010
DEU,2005,2015
DNK,2000,2010
DNK,2005,2015
DZA,2000,2010
DZA,2005,2015
ECU,2000,2010
ECU,2005,2015
EGY,2000,2010
EGY,2005,2015
ESP,2000,2010
ESP,2005,2015
EST,2000,2010
EST,2005,2015
ETH,2000,2010
ETH,2005,2015
FIN,2000,2010
FIN,2005,2015
FJI,2000,2010
FJI,2005,2015
FRA,2000,2010
FRA,2005,2015
GAB,2000,2010
GAB,2005,2015
GBR,2000,2010
GBR,2005,2015
GEO,2000,2010
GEO,2005,2015
GHA,2000,2010
GHA,2005,2015
GMB,2000,2010
GMB,2005,2015
GRC,2000,2010
GRC,2005,2015
GTM,2000,2010
GTM,2005,2015
GUY,2000,2010
GUY,2005,2015
HND,2000,2010
HND,2005,2015
HRV,2000,2010
HRV,2005,2015
HTI,2000,2010
HTI,2005,2015
HUN,2000,2010
HUN,2005,2015
IDN,2000,2010
IDN,2005,2015
IND,2000,2010
IND,2005,2015
IRL,2000,2010
IRL,2005,2015
IRN,2000,2010
IRN,2005,2015
IRQ,2000,2010
IRQ,2005,2015
ISL,2000,2010
ISL,2005,2015
ISR,2000,2010
ISR,2005,2015
ITA,2000,2010
ITA,2005,2015
JAM,2000,2010
JAM,2005,2015
JOR,2000,2010
JOR,2005,2015
JPN,2000,2010
JPN,2005,2015
KAZ,2000,2010
KAZ,2005,2015
KEN,2000,2010
KEN,2005,2015
KGZ,2000,2010
KGZ,2005,2015
KHM,2000,2010
KHM,2005,2015
KIR,2000,2010
KIR,2005,2015
KOR,2000,2010
KOR,2005,2015
KWT,2000,2010
KWT,2005,2015
LAO,2000,2010
LAO,2005,2015
LBR,2000,2010
LBR,2005,2015
LBY,2000,2010
LBY,2005,2015
LCA,2000,2010
LCA,2005,2015
LKA,2000,2010
LKA,2005,2015
LSO,2000,2010
LSO,2005,2015
LTU,2000,2010
LTU,2005,2015
LUX,2000,2010
LUX,2005,2015
LVA,2000,2010
LVA,2005,2015
MAR,2000,2010
MAR,2005,2015
MDA,2000,2010
MDA,2005,2015
MDG,2000,2010
MDG,2005,2015
MDV,2000,2010
MDV,2005,2015
MEX,2000,2010
MEX,2005,2015
MKD,2000,2010
MKD,2005,2015
MLI,2000,2010
MLI,2005,2015
MLT,2000,2010
MLT,2005,2015
MMR,2000,2010
MMR,2005,2015
MNG,2000,2010
MNG,2005,2015
MOZ,2000,2010
MOZ,2005,2015
MRT,2000,2010
MRT,2005,2015
MUS,2000,2010
MUS,2005,2015
MWI,2000,2010
MWI,2005,2015
MYS,2000,2010
MYS,2005,2015
NER,2000,2010
NER,2005,2015
NGA,2000,2010
NGA,2005,2015
NLD,2000,2010
NLD,2005,2015
NOR,2000,2010
NOR,2005,2015
NPL,2000,2010
NPL,2005,2015
NZL,2000,2010
NZL,2005,2015
OMN,2000,2010
OMN,2005,2015
PAK,2000,2010
PAK,2005,2015
PAN,2000,2010
PAN,2005,2015
PER,2000,2010
PER,2005,2015
PHL,2000,2010
PHL,2005,2015
PNG,2000,2010
PNG,2005,2015
POL,2000,2010
POL,2005,2015
PRT,2000,2010
PRT,2005,2015
PRY,2000,2010
PRY,2005,2015
QAT,2000,2010
QAT,2005,2015
ROU,2000,2010
ROU,2005,2015
RUS,2000,2010
RUS,2005,2015
RWA,2000,2010
RWA,2005,2015
SAU,2000,2010
SAU,2005,2015
SEN,2000,2010
SEN,2005,2015
SGP,2000,2010
SGP,2005,2015
SLB,2000,2010
SLB,2005,2015
SLE,2000,2010
SLE,2005,2015
SLV,2000,2010
SLV,2005,2015
SRB,2000,2010
SRB,2005,2015
STP,2000,2010
STP,2005,2015
SVK,2000,2010
SVK,2005,2015
SVN,2000,2010
SVN,2005,2015
SWE,2000,2010
SWE,2005,2015
SWZ,2000,2010
SWZ,2005,2015
SYC,2000,2010
SYC,2005,2015
TCD,2000,2010
TCD,2005,2015
TGO,2000,2010
TGO,2005,2015
THA,2000,2010
THA,2005,2015
TKM,2000,2010
TKM,2005,2015
TLS,2000,2010
TLS,2005,2015
TON,2000,2010
TON,2005,2015
TUN,2000,2010
TUN,2005,2015
TUR,2000,2010
TUR,2005,2015
TZA,2000,2010
TZA,2005,2015
UGA,2000,2010
UGA,2005,2015
UKR,2000,2010
UKR,2005,2015
URY,2000,2010
URY,2005,2015
USA,2000,2010
USA,2005,2015
UZB,2000,2010
UZB,2005,2015
VNM,2000,2010
VNM,2005,2015
WSM,2000,2010
WSM,2005,2015
ZAF,2000,2010
ZAF,2005,2015
ZMB,2000,2010
ZMB,2005,2015
ZWE,2000,2010
ZWE,2005,2015
