iso3,exposure_year,outcome_year,retained_in_estimation
AFG,2000,2010,TRUE
AFG,2005,2015,TRUE
ALB,2000,2010,TRUE
ALB,2005,2015,TRUE
ARE,2000,2010,TRUE
ARE,2005,2015,TRUE
ARG,2000,2010,TRUE
ARG,2005,2015,TRUE
ARM,2000,2010,TRUE
ARM,2005,2015,TRUE
AUS,2000,2010,TRUE
AUS,2005,2015,TRUE
AUT,2000,2010,TRUE
AUT,2005,2015,TRUE
AZE,2000,2010,TRUE
AZE,2005,2015,TRUE
BDI,2000,2010,TRUE
BDI,2005,2015,TRUE
BEL,2000,2010,TRUE
BEL,2005,2015,TRUE
BEN,2000,2010,TRUE
BEN,2005,2015,TRUE
BFA,2005,2015,FALSE
BGD,2000,2010,TRUE
BGD,2005,2015,TRUE
BGR,2000,2010,TRUE
BGR,2005,2015,TRUE
BHR,2000,2010,TRUE
BHR,2005,2015,TRUE
BHS,2000,2010,TRUE
BHS,2005,2015,TRUE
BIH,2000,2010,TRUE
BIH,2005,2015,TRUE
BLR,2000,2010,TRUE
BLR,2005,2015,TRUE
BLZ,2000,2010,TRUE
BLZ,2005,2015,TRUE
BOL,2000,2010,TRUE
BOL,2005,2015,TRUE
BRA,2000,2010,TRUE
BRA,2005,2015,TRUE
BRN,2000,2010,TRUE
BRN,2005,2015,TRUE
BWA,2000,2010,TRUE
BWA,2005,2015,TRUE
CAN,2000,2010,TRUE
CAN,2005,2015,TRUE
CHE,2000,2010,TRUE
CHE,2005,2015,TRUE
CHL,2000,2010,TRUE
CHL,2005,2015,TRUE
CHN,2000,2010,TRUE
CHN,2005,2015,TRUE
CIV,2000,2010,TRUE
CIV,2005,2015,TRUE
CMR,2000,2010,TRUE
CMR,2005,2015,TRUE
COD,2000,2010,TRUE
COD,2005,2015,TRUE
COG,2000,2010,TRUE
COG,2005,2015,TRUE
COL,2000,2010,TRUE
COL,2005,2015,TRUE
COM,2000,2010,TRUE
COM,2005,2015,TRUE
CPV,2000,2010,TRUE
CPV,2005,2015,TRUE
CRI,2000,2010,TRUE
CRI,2005,2015,TRUE
CUB,2000,2010,TRUE
CUB,2005,2015,TRUE
CYP,2000,2010,TRUE
CYP,2005,2015,TRUE
CZE,2000,2010,TRUE
CZE,2005,2015,TRUE
DEU,2000,2010,TRUE
DEU,2005,2015,TRUE
DNK,2000,2010,TRUE
DNK,2005,2015,TRUE
DZA,2000,2010,TRUE
DZA,2005,2015,TRUE
ECU,2000,2010,TRUE
ECU,2005,2015,TRUE
EGY,2000,2010,TRUE
EGY,2005,2015,TRUE
ESP,2000,2010,TRUE
ESP,2005,2015,TRUE
EST,2000,2010,TRUE
EST,2005,2015,TRUE
ETH,2000,2010,TRUE
ETH,2005,2015,TRUE
FIN,2000,2010,TRUE
FIN,2005,2015,TRUE
FJI,2000,2010,TRUE
FJI,2005,2015,TRUE
FRA,2000,2010,TRUE
FRA,2005,2015,TRUE
GAB,2000,2010,TRUE
GAB,2005,2015,TRUE
GBR,2000,2010,TRUE
GBR,2005,2015,TRUE
GEO,2000,2010,TRUE
GEO,2005,2015,TRUE
GHA,2000,2010,TRUE
GHA,2005,2015,TRUE
GMB,2000,2010,TRUE
GMB,2005,2015,TRUE
GNB,2005,2015,FALSE
GRC,2000,2010,TRUE
GRC,2005,2015,TRUE
GTM,2000,2010,TRUE
GTM,2005,2015,TRUE
GUY,2000,2010,TRUE
GUY,2005,2015,TRUE
HND,2000,2010,TRUE
HND,2005,2015,TRUE
HRV,2000,2010,TRUE
HRV,2005,2015,TRUE
HTI,2000,2010,TRUE
HTI,2005,2015,TRUE
HUN,2000,2010,TRUE
HUN,2005,2015,TRUE
IDN,2000,2010,TRUE
IDN,2005,2015,TRUE
IND,2000,2010,TRUE
IND,2005,2015,TRUE
IRL,2000,2010,TRUE
IRL,2005,2015,TRUE
IRN,2000,2010,TRUE
IRN,2005,2015,TRUE
IRQ,2000,2010,TRUE
IRQ,2005,2015,TRUE
ISL,2000,2010,TRUE
ISL,2005,2015,TRUE
ISR,2000,2010,TRUE
ISR,2005,2015,TRUE
ITA,2000,2010,TRUE
ITA,2005,2015,TRUE
JAM,2000,2010,TRUE
JAM,2005,2015,TRUE
JOR,2000,2010,TRUE
JOR,2005,2015,TRUE
JPN,2000,2010,TRUE
JPN,2005,2015,TRUE
KAZ,2000,2010,TRUE
KAZ,2005,2015,TRUE
KEN,2000,2010,TRUE
KEN,2005,2015,TRUE
KGZ,2000,2010,TRUE
KGZ,2005,2015,TRUE
KHM,2000,2010,TRUE
KHM,2005,2015,TRUE
KIR,2000,2010,TRUE
KIR,2005,2015,TRUE
KOR,2000,2010,TRUE
KOR,2005,2015,TRUE
KWT,2000,2010,TRUE
KWT,2005,2015,TRUE
LAO,2000,2010,TRUE
LAO,2005,2015,TRUE
LBN,2005,2015,FALSE
LBR,2000,2010,TRUE
LBR,2005,2015,TRUE
LBY,2000,2010,TRUE
LBY,2005,2015,TRUE
LCA,2000,2010,TRUE
LCA,2005,2015,TRUE
LKA,2000,2010,TRUE
LKA,2005,2015,TRUE
LSO,2000,2010,TRUE
LSO,2005,2015,TRUE
LTU,2000,2010,TRUE
LTU,2005,2015,TRUE
LUX,2000,2010,TRUE
LUX,2005,2015,TRUE
LVA,2000,2010,TRUE
LVA,2005,2015,TRUE
MAR,2000,2010,TRUE
MAR,2005,2015,TRUE
MDA,2000,2010,TRUE
MDA,2005,2015,TRUE
MDG,2000,2010,TRUE
MDG,2005,2015,TRUE
MDV,2000,2010,TRUE
MDV,2005,2015,TRUE
MEX,2000,2010,TRUE
MEX,2005,2015,TRUE
MKD,2000,2010,TRUE
MKD,2005,2015,TRUE
MLI,2000,2010,TRUE
MLI,2005,2015,TRUE
MLT,2000,2010,TRUE
MLT,2005,2015,TRUE
MMR,2000,2010,TRUE
MMR,2005,2015,TRUE
MNE,2005,2015,FALSE
MNG,2000,2010,TRUE
MNG,2005,2015,TRUE
MOZ,2000,2010,TRUE
MOZ,2005,2015,TRUE
MRT,2000,2010,TRUE
MRT,2005,2015,TRUE
MUS,2000,2010,TRUE
MUS,2005,2015,TRUE
MWI,2000,2010,TRUE
MWI,2005,2015,TRUE
MYS,2000,2010,TRUE
MYS,2005,2015,TRUE
NER,2000,2010,TRUE
NER,2005,2015,TRUE
NGA,2000,2010,TRUE
NGA,2005,2015,TRUE
NLD,2000,2010,TRUE
NLD,2005,2015,TRUE
NOR,2000,2010,TRUE
NOR,2005,2015,TRUE
NPL,2000,2010,TRUE
NPL,2005,2015,TRUE
NZL,2000,2010,TRUE
NZL,2005,2015,TRUE
OMN,2000,2010,TRUE
OMN,2005,2015,TRUE
PAK,2000,2010,TRUE
PAK,2005,2015,TRUE
PAN,2000,2010,TRUE
PAN,2005,2015,TRUE
PER,2000,2010,TRUE
PER,2005,2015,TRUE
PHL,2000,2010,TRUE
PHL,2005,2015,TRUE
PNG,2000,2010,TRUE
PNG,2005,2015,TRUE
POL,2000,2010,TRUE
POL,2005,2015,TRUE
PRT,2000,2010,TRUE
PRT,2005,2015,TRUE
PRY,2000,2010,TRUE
PRY,2005,2015,TRUE
PSE,2005,2015,FALSE
QAT,2000,2010,TRUE
QAT,2005,2015,TRUE
ROU,2000,2010,TRUE
ROU,2005,2015,TRUE
RUS,2000,2010,TRUE
RUS,2005,2015,TRUE
RWA,2000,2010,TRUE
RWA,2005,2015,TRUE
SAU,2000,2010,TRUE
SAU,2005,2015,TRUE
SEN,2000,2010,TRUE
SEN,2005,2015,TRUE
SGP,2000,2010,TRUE
SGP,2005,2015,TRUE
SLB,2000,2010,TRUE
SLB,2005,2015,TRUE
SLE,2000,2010,TRUE
SLE,2005,2015,TRUE
SLV,2000,2010,TRUE
SLV,2005,2015,TRUE
SRB,2000,2010,TRUE
SRB,2005,2015,TRUE
STP,2000,2010,TRUE
STP,2005,2015,TRUE
SVK,2000,2010,TRUE
SVK,2005,2015,TRUE
SVN,2000,2010,TRUE
SVN,2005,2015,TRUE
SWE,2000,2010,TRUE
SWE,2005,2015,TRUE
SWZ,2000,2010,TRUE
SWZ,2005,2015,TRUE
SYC,2000,2010,TRUE
SYC,2005,2015,TRUE
TCD,2000,2010,TRUE
TCD,2005,2015,TRUE
TGO,2000,2010,TRUE
TGO,2005,2015,TRUE
THA,2000,2010,TRUE
THA,2005,2015,TRUE
TKM,2000,2010,TRUE
TKM,2005,2015,TRUE
TLS,2000,2010,TRUE
TLS,2005,2015,TRUE
TON,2000,2010,TRUE
TON,2005,2015,TRUE
TUN,2000,2010,TRUE
TUN,2005,2015,TRUE
TUR,2000,2010,TRUE
TUR,2005,2015,TRUE
TZA,2000,2010,TRUE
TZA,2005,2015,TRUE
UGA,2000,2010,TRUE
UGA,2005,2015,TRUE
UKR,2000,2010,TRUE
UKR,2005,2015,TRUE
URY,2000,2010,TRUE
URY,2005,2015,TRUE
USA,2000,2010,TRUE
USA,2005,2015,TRUE
UZB,2000,2010,TRUE
UZB,2005,2015,TRUE
VNM,2000,2010,TRUE
VNM,2005,2015,TRUE
VUT,2005,2015,FALSE
WSM,2000,2010,TRUE
WSM,2005,2015,TRUE
ZAF,2000,2010,TRUE
ZAF,2005,2015,TRUE
ZMB,2000,2010,TRUE
ZMB,2005,2015,TRUE
ZWE,2000,2010,TRUE
ZWE,2005,2015,TRUE
