analysis,model,diet_pattern,score_increment,outcome,lag_years,beta,standard_error,percent_difference,lower_95,upper_95,p_value,country_years,countries,exposure_years,outcome_years,q_value_bh
Same analytic sample as Models 3-5,M0_CC306,AHEI,10,daly,10,-0.00494647576477903,0.00677840925352023,-0.493426210003045,-1.81714099693137,0.848135081446766,0.466672270277355,306,153,"2000, 2005","2010, 2015",0.928900648057762
Same analytic sample as Models 3-5,M1_CC306,AHEI,10,daly,10,-0.00462098034240027,0.00693067358179378,-0.461032003940931,-1.81471902041425,0.911318385700821,0.505946910563234,306,153,"2000, 2005","2010, 2015",0.755189756651487
Same analytic sample as Models 3-5,M2_CC306,AHEI,10,daly,10,-0.0044984897769378,0.0069845339583552,-0.448838672696761,-1.81314029183823,0.934419850795498,0.520504347224262,306,153,"2000, 2005","2010, 2015",0.766482911983478
Same analytic sample as Models 3-5,M0_CC306,DASH,5,daly,10,-0.000617093771366386,0.00947071739225441,-0.0616903408164338,-1.91427380623641,1.82588359293698,0.948133753951856,306,153,"2000, 2005","2010, 2015",0.948133753951856
Same analytic sample as Models 3-5,M1_CC306,DASH,5,daly,10,-0.00143930174123486,0.00969917901888375,-0.14382664432453,-2.03911413680957,1.78812971499973,0.882228373414828,306,153,"2000, 2005","2010, 2015",0.882228373414828
Same analytic sample as Models 3-5,M2_CC306,DASH,5,daly,10,-0.00104246583756439,0.00993564395570497,-0.104192265881797,-2.04600509363202,1.87611452080925,0.916576171383509,306,153,"2000, 2005","2010, 2015",0.916576171383509
Same analytic sample as Models 3-5,M0_CC306,MED,1,daly,10,-0.0017764518668241,0.00454857093867744,-0.177487491014061,-1.07053216259181,0.723618770329271,0.696675486043322,306,153,"2000, 2005","2010, 2015",0.928900648057762
Same analytic sample as Models 3-5,M1_CC306,MED,1,daly,10,-0.00251830738983168,0.00438249931657719,-0.251513911389911,-1.11145564732303,0.615905938353456,0.566392317488615,306,153,"2000, 2005","2010, 2015",0.755189756651487
Same analytic sample as Models 3-5,M2_CC306,MED,1,daly,10,-0.00247544523365858,0.00440376563717416,-0.247238384572657,-1.11137194647085,0.62444636726009,0.574862183987608,306,153,"2000, 2005","2010, 2015",0.766482911983478
Same analytic sample as Models 3-5,M0_CC306,mPHDI,10,daly,10,-0.00698438179470683,0.00778868327146297,-0.696004768603997,-2.21240290311711,0.843908242750557,0.371278606858838,306,153,"2000, 2005","2010, 2015",0.928900648057762
Same analytic sample as Models 3-5,M1_CC306,mPHDI,10,daly,10,-0.00699656628104051,0.0078807572491593,-0.697214729405382,-2.23138109457214,0.861025479315258,0.37604897494318,306,153,"2000, 2005","2010, 2015",0.755189756651487
Same analytic sample as Models 3-5,M2_CC306,mPHDI,10,daly,10,-0.00693104707098653,0.00791941552100751,-0.690708276211782,-2.23244263142587,0.875338283234695,0.38284769592406,306,153,"2000, 2005","2010, 2015",0.766482911983478
Same analytic sample as Models 3-5,M0_CC306,AHEI,10,prevalence,10,-0.00218809373383397,0.00218522166098035,-0.218570160179443,-0.648430844776549,0.213150386418182,0.318266250322255,306,153,"2000, 2005","2010, 2015",0.63653250064451
Same analytic sample as Models 3-5,M1_CC306,AHEI,10,prevalence,10,-0.00196494914567287,0.00226436337822104,-0.196301989693248,-0.641795450720173,0.251188935204127,0.386887588402074,306,153,"2000, 2005","2010, 2015",0.773775176804147
Same analytic sample as Models 3-5,M2_CC306,AHEI,10,prevalence,10,-0.00190661911459158,0.00226779473093476,-0.190480267097293,-0.636673330883697,0.257716435826838,0.401815850932369,306,153,"2000, 2005","2010, 2015",0.803631701864738
Same analytic sample as Models 3-5,M0_CC306,DASH,5,prevalence,10,-9.95805443987382e-05,0.00244544246236726,-0.00995755864209302,-0.491888881598956,0.474307823291853,0.967571861874583,306,153,"2000, 2005","2010, 2015",0.976091532351525
Same analytic sample as Models 3-5,M1_CC306,DASH,5,prevalence,10,-0.000658377331871976,0.0024922928053229,-0.0658160649072093,-0.556683253559975,0.427474118118432,0.792010360096476,306,153,"2000, 2005","2010, 2015",0.792010360096476
Same analytic sample as Models 3-5,M2_CC306,DASH,5,prevalence,10,-0.00047107044015706,0.00254388694073837,-0.0470959503897528,-0.548193149523957,0.456526073691643,0.853336733693443,306,153,"2000, 2005","2010, 2015",0.853336733693443
Same analytic sample as Models 3-5,M0_CC306,MED,1,prevalence,10,3.75549686226522e-05,0.00125105319850195,0.00375556738192451,-0.243118311465351,0.251240398687091,0.976091532351525,306,153,"2000, 2005","2010, 2015",0.976091532351525
Same analytic sample as Models 3-5,M1_CC306,MED,1,prevalence,10,-0.000440156115419624,0.0011866807060605,-0.0440059260927495,-0.278080037246253,0.190617619824263,0.711218253654199,306,153,"2000, 2005","2010, 2015",0.792010360096476
Same analytic sample as Models 3-5,M2_CC306,MED,1,prevalence,10,-0.000418770458960188,0.00118856561574542,-0.0418682786850089,-0.276318767861594,0.193133403861046,0.725076854126895,306,153,"2000, 2005","2010, 2015",0.853336733693443
Same analytic sample as Models 3-5,M0_CC306,mPHDI,10,prevalence,10,-0.00358983846535802,0.00176202472389711,-0.358340269867852,-0.704611888951912,-0.0108611019090321,0.04335098878231,306,153,"2000, 2005","2010, 2015",0.17340395512924
Same analytic sample as Models 3-5,M1_CC306,mPHDI,10,prevalence,10,-0.00359814017952104,0.00175903211725626,-0.3591674630121,-0.704849129121443,-0.0122823563194263,0.0425275324108656,306,153,"2000, 2005","2010, 2015",0.170110129643463
Same analytic sample as Models 3-5,M2_CC306,mPHDI,10,prevalence,10,-0.00356765367456934,0.00177117091316557,-0.356129715972653,-0.704203315373253,-0.00683597196730057,0.0457428199979002,306,153,"2000, 2005","2010, 2015",0.182971279991601
